sample_id,condition,batch_size,missing_pct,noise_std,outlier_pct,cov_shift_mag,corrupt_feature_cnt,data_quality_score,mean_ks_stat,max_ks_stat,mean_psi,max_psi,mean_js_divergence,pct_features_shifted,num_features_shifted,mean_confidence,min_confidence,mean_entropy,max_entropy,pct_high_entropy,pct_low_confidence,mean_margin,mean_ensemble_variance,baseline_f1,baseline_accuracy,batch_f1,batch_accuracy,f1_degradation,f1_degradation_rel,acc_degradation,failure_thresh_10,failure_thresh_15,failure_thresh_20,failure_thresh_25,model_failure
0,clean,200,0.0,0.0,0.0,0.0,0.0,1.0,0.2565847310584153,0.4430017351069983,2.094991924565546,8.378770739320286,0.19462347777382694,0.45454545450413225,5.0,0.9080593115785993,0.5126504826872476,0.3509808400286009,0.99953818815064,0.15,0.06,0.8161186231571986,0.029580515163714426,0.9436426116838488,0.9248395967002749,0.946969696969697,0.93,-0.0033270852858482414,-0.003525789574493203,-0.005160403299725114,0,0,0,0,0
1,noise,200,0.0,0.42784937370937803,0.0,0.0,4.0,0.48658075154874636,0.26435367264314635,0.3363418160786582,1.9538233192614518,8.439581875190983,0.19650608073912043,0.6363636363057851,7.0,0.7766445939695024,0.5006852265381676,0.6645426924019385,0.9999986452067648,0.51,0.25,0.553289187939005,0.08201698196369556,0.9436426116838488,0.9248395967002749,0.7551020408163265,0.76,0.1885405708675223,0.19980082324947906,0.16483959670027493,1,1,0,0,1
2,compound,200,0.05101231676924374,0.1153777713118497,0.0,0.17328474419231965,4.0,0.7850281992719148,0.3678665413533835,0.6818941584731059,2.132280799463368,8.439581875190983,0.20417681953671535,0.7272727272066115,8.0,0.8407507937154881,0.5253577902406967,0.5559126336498861,0.9981438474378577,0.315,0.115,0.6815015874309762,0.06675881191071671,0.9436426116838488,0.9248395967002749,0.9581749049429658,0.945,-0.01453229325911698,-0.015400208790683104,-0.020160403299725016,0,0,0,0,0
3,compound,200,0.24889149252216414,0.11870355558901598,0.0,0.08307281181463855,4.0,0.4842184945099346,0.35407027183342976,0.4830017351069983,2.068986549573253,8.437126764818302,0.19879439019487352,0.7272727272066115,8.0,0.8801171860956767,0.5016531019315622,0.4618310699699464,0.9999921149474416,0.175,0.06,0.7602343721913534,0.044026359621794665,0.9436426116838488,0.9248395967002749,0.9477351916376306,0.925,-0.004092579953781872,-0.0043370020585887,-0.00016040329972510925,0,0,0,0,0
4,outlier,200,0.0,0.0,0.10596438122491478,0.0,3.0,0.7880712375501704,0.3029786003470214,0.4722267206477733,1.5775366761359124,8.437126764818302,0.16247994602028323,0.6363636363057851,7.0,0.8963231591530492,0.5099443977075557,0.3781537582517771,0.9997146419427289,0.185,0.1,0.792646318306098,0.0349575102287324,0.9436426116838488,0.9248395967002749,0.9611307420494699,0.945,-0.017488130365621135,-0.01853257804443835,-0.020160403299725016,0,0,0,0,0
5,clean,200,0.0,0.0,0.0,0.0,0.0,1.0,0.24417076344707925,0.3926836321573164,2.1422987990238522,8.378770739320286,0.19459938753169212,0.6363636363057851,7.0,0.9053644391569273,0.5126504826872473,0.3612634842348575,0.9995381881506402,0.15,0.055,0.8107288783138548,0.029892948757829704,0.9436426116838488,0.9248395967002749,0.9402985074626866,0.92,0.0033441042211621586,0.003543824935640696,0.004839596700274895,0,0,0,0,0
6,outlier,200,0.0,0.0,0.05686145820905665,0.0,3.0,0.8862770835818867,0.1797852805089647,0.22971370734528632,1.5668319364322272,7.288806043825648,0.1796449673107319,0.6363636363057851,7.0,0.8416904557709163,0.5019447770413623,0.5173389067519873,0.9999890869720509,0.315,0.16,0.6833809115418323,0.05067597375202453,0.9436426116838488,0.9248395967002749,0.9302325581395349,0.91,0.013410053544313905,0.014210945292279538,0.014839596700274904,0,0,0,0,0
7,drift,200,0.0,0.0,0.0,0.3387620190863949,2.0,1.0,0.42153195488721806,0.7454511278195488,2.52462801018143,8.616577928177653,0.20205486992889238,0.5454545454049586,6.0,0.8296661052694045,0.5054307271683292,0.5175410104913898,0.9999149001011192,0.385,0.205,0.6593322105388091,0.052959442908663584,0.9436426116838488,0.9248395967002749,0.44285714285714284,0.61,0.5007854688267059,0.5306939958999981,0.31483959670027495,1,1,1,1,1
8,outlier,200,0.0,0.0,0.1276135875327019,0.0,3.0,0.7447728249345962,0.33330176402544825,0.5573886639676114,1.9435554094582548,8.378770739320286,0.19589943926306227,0.6363636363057851,7.0,0.8892926574536796,0.5013386286732022,0.4005296859179832,0.9999948295862247,0.195,0.09,0.7785853149073592,0.03765341697409723,0.9436426116838488,0.9248395967002749,0.9496402877697842,0.93,-0.005997676085935377,-0.0063558766903045695,-0.005160403299725114,0,0,0,0,0
9,outlier,200,0.0,0.0,0.19555016171294257,0.0,1.0,0.6088996765741148,0.33445994794679007,0.5106564488143436,1.8859567053808333,8.616577928177653,0.20075580955607178,0.6363636363057851,7.0,0.8148638915046217,0.5016374006123769,0.5493548396347607,0.999992264022324,0.425,0.26,0.6297277830092431,0.05915056132981261,0.9436426116838488,0.9248395967002749,0.5755395683453237,0.705,0.36810304333852506,0.3900873470429548,0.21983959670027498,1,1,1,1,1
10,imbalance,87,0.0,0.0,0.0,0.0,0.0,1.0,0.2486690865093769,0.38600347021399656,2.2969032688540443,8.378770739320286,0.21786763870363263,0.7272727272066115,8.0,0.8961075025130881,0.5126504826872476,0.37785611403238495,0.99953818815064,0.16091954022988506,0.09195402298850575,0.792215005026176,0.036822552623060036,0.9436426116838488,0.9248395967002749,0.8771929824561403,0.9195402298850575,0.06644962922770847,0.07041821589501626,0.005299366815217477,0,0,0,0,0
11,missing,200,0.1909833541972829,0.0,0.0,0.0,2.0,0.7135249687040757,0.31040919606709083,0.4286581839213419,1.9915450740127882,7.8919335107145745,0.1918619803564692,0.6363636363057851,7.0,0.7750125377201647,0.5027198819405296,0.6370728084631948,0.9999786544778286,0.55,0.28,0.5500250754403291,0.06997846805386473,0.9436426116838488,0.9248395967002749,0.7764705882352941,0.81,0.16717202344855464,0.17715607710115436,0.11483959670027488,1,1,0,0,1
12,imbalance,183,0.0,0.0,0.0,0.0,0.0,1.0,0.37706956546473375,0.6323886639676114,2.2452440583713122,7.828208212312637,0.19220014760229523,0.7272727272066115,8.0,0.922246937668151,0.5145453936663865,0.30222421809622596,0.9993894562835592,0.11475409836065574,0.06557377049180328,0.8444938753363016,0.02483886918336992,0.9436426116838488,0.9248395967002749,0.9699248120300752,0.9562841530054644,-0.026282200346226414,-0.027851858312625623,-0.0314445563051895,0,0,0,0,0
13,drift,200,0.0,0.0,0.0,0.37148985597811224,2.0,1.0,0.3577559282822441,0.5323163678426837,2.216212874990625,8.616577928177653,0.2012855343173723,0.5454545454049586,6.0,0.7137883684258972,0.5001953973086564,0.7485463887141813,0.9999998898354916,0.7,0.48,0.42757673685179415,0.0997718521524345,0.9436426116838488,0.9248395967002749,0.8367346938775511,0.84,0.10690791780629771,0.1132928042558792,0.08483959670027497,1,0,0,0,0
14,clean,200,0.0,0.0,0.0,0.0,0.0,1.0,0.3028716020821284,0.4186581839213419,1.789365061094558,7.3299383967950895,0.18326364596684483,0.5454545454049586,6.0,0.7758448610229158,0.5012709914671154,0.6311279107147952,0.9999953388801267,0.54,0.315,0.5516897220458314,0.06709745837814222,0.9436426116838488,0.9248395967002749,0.6011560693641619,0.655,0.3424865423196869,0.3629409457735363,0.2698395967002749,1,1,1,1,1
15,imbalance,172,0.0,0.0,0.0,0.0,0.0,1.0,0.3310367264314632,0.4864580951484256,2.183313859859867,8.378770739320286,0.20580273792043643,0.9090909090082645,10.0,0.9274880983220983,0.5126504826872473,0.2982893040332744,0.9995381881506402,0.10465116279069768,0.023255813953488372,0.8549761966441963,0.02418855028624564,0.9436426116838488,0.9248395967002749,0.9743589743589743,0.9593023255813954,-0.030716362675125564,-0.03255084314999725,-0.03446272888112045,0,0,0,0,0
16,missing,200,0.1383346676208757,0.0,0.0,0.0,1.0,0.7924979985686864,0.33317741469057255,0.4436581839213418,2.055906110396224,8.616577928177653,0.2036375369545706,0.7272727272066115,8.0,0.7830322852325989,0.5011303977675311,0.6272232579633504,0.9999963130479724,0.48,0.28,0.5660645704651981,0.07007972329183243,0.9436426116838488,0.9248395967002749,0.6588235294117647,0.71,0.2848190822720841,0.30182939859193053,0.21483959670027497,1,1,1,1,1
17,missing,200,0.30534100145505705,0.0,0.0,0.0,3.0,0.5419884978174144,0.3108538172353962,0.41768363215731635,2.2722505035706764,8.378770739320286,0.19599206616399048,0.7272727272066115,8.0,0.8988479050606876,0.5283355962381606,0.4069052804022702,0.9976820612943229,0.145,0.06,0.797695810121375,0.032994049681781386,0.9436426116838488,0.9248395967002749,0.9357142857142857,0.91,0.007928325969563055,0.008401831226139534,0.014839596700274904,0,0,0,0,0
18,noise,200,0.0,0.21789414082479824,0.0,0.0,4.0,0.7385270310102421,0.24190355696934646,0.2917148640832851,1.8276405115013012,8.516677234867396,0.19823749817904338,0.6363636363057851,7.0,0.782471315433049,0.5037165774261322,0.6360883053985296,0.9999601438904955,0.555,0.255,0.5649426308660979,0.07827417440940726,0.9436426116838488,0.9248395967002749,0.5833333333333334,0.7,0.3603092783505154,0.38182811321517846,0.22483959670027498,1,1,1,1,1
19,outlier,200,0.0,0.0,0.20740303026594972,0.0,2.0,0.5851939394681005,0.25862637362637364,0.35231636784268366,1.6116478708099997,7.588707941851299,0.18751001944703413,0.6363636363057851,7.0,0.7772996292275676,0.50732735848197,0.6324643453862733,0.9998450773349402,0.54,0.315,0.5545992584551351,0.07235788318358137,0.9436426116838488,0.9248395967002749,0.5063291139240507,0.61,0.4373134977597981,0.46343127353693647,0.31483959670027495,1,1,1,1,1
20,compound,200,0.24801077002085264,0.11081848335203529,0.0,0.16811604090183524,4.0,0.49500166494627873,0.3707663389242336,0.5109311740890689,1.9819775630148013,8.437126764818302,0.16776388586626975,0.7272727272066115,8.0,0.8656894631881201,0.5052086613225453,0.5049947063659059,0.9999217175103587,0.22,0.075,0.7313789263762399,0.04924443943825848,0.9436426116838488,0.9248395967002749,0.9473684210526315,0.925,-0.003725809368782751,-0.00394832674860458,-0.00016040329972510925,0,0,0,0,0
21,compound,200,0.21973395898493492,0.11005669291724635,0.0,0.20051486947472014,4.0,0.5383310300219021,0.3156441584731059,0.4486581839213418,2.0258075618797964,8.616577928177653,0.2070983232902285,0.7272727272066115,8.0,0.726600106793326,0.5004854718867876,0.7140512911079306,0.9999993199626385,0.67,0.46,0.45320021358665213,0.09224902782112418,0.9436426116838488,0.9248395967002749,0.6265060240963856,0.69,0.3171365875874632,0.3360770097966256,0.234839596700275,1,1,1,1,1
22,drift,200,0.0,0.0,0.0,0.16095469489081393,2.0,1.0,0.2648626373626373,0.34894736842105256,1.8445209761990269,7.060713737394515,0.17508336317184472,0.6363636363057851,7.0,0.8790871957053978,0.515400312852752,0.4349825522479744,0.9993155648425709,0.22,0.1,0.7581743914107958,0.0432550575716105,0.9436426116838488,0.9248395967002749,0.9626865671641791,0.95,-0.019043955480330332,-0.020181322064469636,-0.02516040329972502,0,0,0,0,0
23,compound,200,0.23264811051129425,0.1924953277494063,0.0,0.1652577700968239,4.0,0.42003344093377115,0.2673763736263736,0.3828224407171775,1.823001963320687,8.439581875190983,0.20572012062127873,0.7272727272066115,8.0,0.8174340750704662,0.5079866966177159,0.5965132546040388,0.9998159408637076,0.38,0.18,0.6348681501409322,0.06981539154397272,0.9436426116838488,0.9248395967002749,0.9304029304029304,0.905,0.013239681280918347,0.014030397846556422,0.01983959670027491,0,0,0,0,0
24,clean,200,0.0,0.0,0.0,0.0,0.0,1.0,0.23063765182186238,0.37515326778484676,1.7956663501749863,8.439581875190983,0.20280942534827187,0.7272727272066115,8.0,0.8614248857889453,0.5023905854399442,0.4606885682979589,0.9999835102250157,0.25,0.155,0.7228497715778905,0.045295384970123684,0.9436426116838488,0.9248395967002749,0.9333333333333333,0.915,0.010309278350515427,0.010924981780119518,0.0098395967002749,0,0,0,0,0
25,missing,200,0.260590063177311,0.0,0.0,0.0,2.0,0.6091149052340336,0.3565702718334297,0.4930017351069983,2.2285276675400287,8.437126764818302,0.19583856545072878,0.6363636363057851,7.0,0.9031752314525128,0.5094257561859765,0.3711888712926424,0.9997436326794868,0.155,0.085,0.8063504629050259,0.0328037549224823,0.9436426116838488,0.9248395967002749,0.946236559139785,0.925,-0.0025939474559362186,-0.0027488663833849947,-0.00016040329972510925,0,0,0,0,0
26,missing,200,0.31598514468519795,0.0,0.0,0.0,3.0,0.5260222829722031,0.34101142278773855,0.47865818392134185,2.1842747467081485,8.616577928177653,0.2002738417212313,0.6363636363057851,7.0,0.7719954748306964,0.5010202581574486,0.63569979862545,0.9999969965183171,0.56,0.35,0.5439909496613928,0.07321411832777364,0.9436426116838488,0.9248395967002749,0.6625,0.73,0.2811426116838488,0.29793335729534376,0.19483959670027495,1,1,1,1,1
27,missing,200,0.25160784058855984,0.0,0.0,0.0,3.0,0.6225882391171602,0.22179511278195488,0.2639271255060729,1.8528457302214485,7.082262440906815,0.17763533250412436,0.6363636363057851,7.0,0.856342256851566,0.5026893615311614,0.49689499424450495,0.9999791308382324,0.26,0.105,0.7126845137031319,0.04488148792047642,0.9436426116838488,0.9248395967002749,0.9407114624505929,0.925,0.002931149233255881,0.003106206940908795,-0.00016040329972510925,0,0,0,0,0
28,imbalance,101,0.0,0.0,0.0,0.0,0.0,1.0,0.2961372395192093,0.4576994657244787,2.1087436240227593,8.437126764818302,0.2145742762253374,0.9090909090082645,10.0,0.9087894423523563,0.5078399879826083,0.32768018150271794,0.9998226410430464,0.13861386138613863,0.09900990099009901,0.8175788847047127,0.031926573335753314,0.9436426116838488,0.9248395967002749,0.8863636363636364,0.900990099009901,0.05727897532021242,0.06069986089045214,0.023849497690373922,0,0,0,0,0
29,compound,200,0.10730825042565689,0.20998331732518233,0.0,0.0851850424896384,4.0,0.5870576435712959,0.24505928282244072,0.3329641411220359,1.733036030623571,8.378770739320286,0.19868665480505143,0.7272727272066115,8.0,0.8522697444733177,0.5002915095292639,0.5268033349693704,0.9999997548058687,0.265,0.095,0.7045394889466355,0.053970309076816776,0.9436426116838488,0.9248395967002749,0.953405017921147,0.935,-0.009762406237298182,-0.010345448696442992,-0.010160403299725118,0,0,0,0,0
30,clean,200,0.0,0.0,0.0,0.0,0.0,1.0,0.32092322151532676,0.5243088490456911,2.1531791913657328,8.437126764818302,0.19490041517633044,0.6363636363057851,7.0,0.9079035016629882,0.5114869122740976,0.34236130594834707,0.999619241722977,0.15,0.085,0.8158070033259764,0.031144776125836156,0.9436426116838488,0.9248395967002749,0.9477611940298507,0.93,-0.004118582346001931,-0.004364557397729336,-0.005160403299725114,0,0,0,0,0
31,noise,200,0.0,0.20086095946453514,0.0,0.0,4.0,0.7589668486425578,0.18537304800462698,0.22156448814343555,1.6522982536557742,8.439581875190983,0.19973207103560178,0.7272727272066115,8.0,0.8231251960927871,0.5073154512032385,0.5742659604371757,0.9998455804560209,0.385,0.16,0.6462503921855742,0.06490609434869056,0.9436426116838488,0.9248395967002749,0.9112903225806451,0.89,0.032352289103203646,0.034284472392773054,0.03483959670027492,0,0,0,0,0
32,missing,200,0.13146287474592255,0.0,0.0,0.0,1.0,0.8028056878811162,0.2751756795835743,0.4126836321573164,2.1828140297618748,8.378770739320286,0.1944547198152378,0.6363636363057851,7.0,0.9145251539459527,0.5126504826872473,0.3432880937936048,0.99953818815064,0.125,0.05,0.8290503078919054,0.02711502052698486,0.9436426116838488,0.9248395967002749,0.9568345323741008,0.94,-0.01319192069025199,-0.013979784839021165,-0.015160403299725012,0,0,0,0,0
33,imbalance,147,0.0,0.0,0.0,0.0,0.0,1.0,0.38105015285466415,0.5940455534440496,2.291976302249185,8.616577928177653,0.21099033864564312,0.8181818181074381,9.0,0.8768526931322077,0.5256092816732857,0.4097984325600895,0.99810683106222,0.24489795918367346,0.10204081632653061,0.7537053862644154,0.03671525530332232,0.9436426116838488,0.9248395967002749,0.49230769230769234,0.7755102040816326,0.45133491937615644,0.47829009977887516,0.1493293926186423,1,1,1,1,1
34,outlier,200,0.0,0.0,0.1659121979380949,0.0,1.0,0.6681756041238103,0.37522845575477154,0.544893001735107,1.970271575064644,8.437126764818302,0.19902544713870104,0.7272727272066115,8.0,0.8865443417946994,0.5019930610939014,0.39921276608538664,0.9999885383561965,0.205,0.1,0.7730886835893991,0.040826767616294696,0.9436426116838488,0.9248395967002749,0.9530685920577617,0.935,-0.009425980373912957,-0.009988930392942068,-0.010160403299725118,0,0,0,0,0
35,clean,200,0.0,0.0,0.0,0.0,0.0,1.0,0.22048655292076347,0.3015326778484673,1.9407154956069093,8.412680871327636,0.1984769597803609,0.6363636363057851,7.0,0.7860342072781451,0.5037251863402257,0.6210417714822725,0.9999599590331103,0.485,0.29,0.5720684145562901,0.07344242086228155,0.9436426116838488,0.9248395967002749,0.8658008658008658,0.845,0.07784174588298298,0.0824907065839157,0.07983959670027496,0,0,0,0,0
36,clean,200,0.0,0.0,0.0,0.0,0.0,1.0,0.19716599190283401,0.2915326778484673,1.923599516349575,8.412680871327636,0.1974284657182505,0.6363636363057851,7.0,0.7825017406138892,0.5037251863402257,0.6294693044982654,0.9999599590331103,0.495,0.3,0.5650034812277784,0.0741043179331038,0.9436426116838488,0.9248395967002749,0.8724279835390947,0.845,0.0712146281447541,0.07546779595106451,0.07983959670027496,0,0,0,0,0
37,clean,200,0.0,0.0,0.0,0.0,0.0,1.0,0.2859355118565645,0.48231636784268367,1.9746529241797217,8.516677234867396,0.19851300945563774,0.5454545454049586,6.0,0.8153669280140715,0.5014431300034768,0.5481263536598417,0.999993990808426,0.445,0.215,0.630733856028143,0.0618807534475013,0.9436426116838488,0.9248395967002749,0.6086956521739131,0.73,0.3349469595099357,0.3549510747053916,0.19483959670027495,1,1,1,1,1
38,noise,200,0.0,0.24040267290487455,0.0,0.0,4.0,0.7115167925141506,0.2859723828802776,0.41045112781954884,1.8795351596904615,8.616577928177653,0.20103718755309846,0.6363636363057851,7.0,0.7999841242767907,0.5004055391841348,0.5873529339868595,0.9999995254628381,0.45,0.27,0.5999682485535814,0.07178179624355453,0.9436426116838488,0.9248395967002749,0.549618320610687,0.705,0.3940242910731617,0.41755669548718527,0.21983959670027498,1,1,1,1,1
39,drift,200,0.0,0.0,0.0,0.46424618202358436,2.0,1.0,0.3795597165991903,0.7767553499132447,2.2253811251682563,7.250773909689261,0.1808682430402829,0.5454545454049586,6.0,0.7991271787527939,0.5018685721778693,0.600569105578112,0.9999899254582312,0.51,0.215,0.5982543575055879,0.06649938444808176,0.9436426116838488,0.9248395967002749,0.43795620437956206,0.615,0.5056864073042867,0.5358876342665846,0.30983959670027494,1,1,1,1,1
40,missing,200,0.17849434248203233,0.0,0.0,0.0,1.0,0.7322584862769514,0.26429005205321,0.3030017351069983,1.836297200763653,7.164184383293559,0.17951908521643925,0.7272727272066115,8.0,0.8805714079287688,0.5063326292973261,0.44004539624410477,0.9998842864340075,0.205,0.095,0.7611428158575376,0.03718032626682482,0.9436426116838488,0.9248395967002749,0.9548872180451128,0.94,-0.011244606361264009,-0.011916170603278299,-0.015160403299725012,0,0,0,0,0
41,compound,200,0.08465886401416917,0.11441614938763893,0.0,0.1225412926879812,4.0,0.7357123247135795,0.2206991035280509,0.33250144592249853,1.6785517591938337,8.412680871327636,0.2020001391097095,0.7272727272066115,8.0,0.7466712805192359,0.5022614525056114,0.7118262562322645,0.9999852435816946,0.62,0.345,0.49334256103847196,0.09515978332212079,0.9436426116838488,0.9248395967002749,0.8907563025210085,0.87,0.05288630916284032,0.056044850510114645,0.05483959670027494,0,0,0,0,0
42,imbalance,124,0.0,0.0,0.0,0.0,0.0,1.0,0.32061815518946246,0.46860669042332875,1.9708667414879206,7.653227742151721,0.20065943275737688,0.8181818181074381,9.0,0.8473957550165502,0.5060491357550426,0.4712262335777448,0.9998944151051516,0.3548387096774194,0.1935483870967742,0.6947915100331011,0.04895291690615023,0.9436426116838488,0.9248395967002749,0.5538461538461539,0.7661290322580645,0.3897964578376949,0.41307636238369994,0.15871056444221043,1,1,1,1,1
43,noise,200,0.0,0.2711776152478297,0.0,0.0,4.0,0.6745868617026044,0.25386784268363216,0.29096298438403706,1.7667411560372641,8.378770739320286,0.19330783973375598,0.5454545454049586,6.0,0.8165605621028417,0.5027313075811747,0.5919336048850566,0.9999784747643383,0.41,0.15,0.6331211242056834,0.06651330091144558,0.9436426116838488,0.9248395967002749,0.8888888888888888,0.855,0.054753722794959936,0.05802379212107946,0.06983959670027495,0,0,0,0,0
44,drift,200,0.0,0.0,0.0,0.11292536331573483,2.0,1.0,0.32310945633314053,0.37365818392134187,1.8570314384880755,8.412680871327636,0.19631873932152108,0.6363636363057851,7.0,0.7965343935069248,0.5008837662414156,0.6036279737548632,0.9999977463857661,0.495,0.235,0.5930687870138496,0.06350297422233607,0.9436426116838488,0.9248395967002749,0.6850828729281768,0.715,0.25855973875567195,0.2740017621928843,0.20983959670027497,1,1,1,1,1
45,compound,200,0.16320744209881527,0.11490221848134802,0.0,0.10042799012695917,4.0,0.6173061746741595,0.29532027183342974,0.4280017351069983,1.8659443233215258,8.378770739320286,0.19771019306132992,0.7272727272066115,8.0,0.8858184806830265,0.5069909432672591,0.43718376807009046,0.9998589769051648,0.17,0.075,0.771636961366053,0.04228790397582606,0.9436426116838488,0.9248395967002749,0.946236559139785,0.925,-0.0025939474559362186,-0.0027488663833849947,-0.00016040329972510925,0,0,0,0,0
46,drift,200,0.0,0.0,0.0,0.49999757351151475,2.0,1.0,0.47590731636784267,0.7785338345864661,2.6113627537377777,7.8919335107145745,0.1918619803564692,0.6363636363057851,7.0,0.7971914421846344,0.5122803602484376,0.6167504784494926,0.999564818504338,0.475,0.245,0.594382884369269,0.07229840771565393,0.9436426116838488,0.9248395967002749,0.42748091603053434,0.625,0.5161616956533144,0.5469885406989834,0.29983959670027494,1,1,1,1,1
47,clean,200,0.0,0.0,0.0,0.0,0.0,1.0,0.24855480046269518,0.3926836321573164,2.1745633768450543,8.378770739320286,0.19816586750302706,0.6363636363057851,7.0,0.8950504172000185,0.5126504826872473,0.39899191916440857,0.99953818815064,0.165,0.065,0.7901008344000371,0.03347210680209731,0.9436426116838488,0.9248395967002749,0.9343629343629344,0.915,0.009279677320914392,0.009833889648668706,0.0098395967002749,0,0,0,0,0
48,compound,200,0.0695668321302003,0.18815549252570313,0.0,0.16049020103269618,4.0,0.6698631607738558,0.27389025448235976,0.4080017351069983,1.822292978248362,8.378770739320286,0.20192616480030212,0.7272727272066115,8.0,0.8523967110936199,0.5223455496277836,0.5315213758736953,0.9985587766894475,0.285,0.1,0.7047934221872398,0.05680887651844291,0.9436426116838488,0.9248395967002749,0.935251798561151,0.91,0.008390813122697738,0.008891939607128505,0.014839596700274904,0,0,0,0,0
49,missing,200,0.244932104792829,0.0,0.0,0.0,2.0,0.6326018428107565,0.3338490456911509,0.3560034702139966,2.002888088760023,8.412680871327636,0.17125276396730493,0.7272727272066115,8.0,0.7690987216426052,0.500978322338694,0.6607180365865329,0.9999972383492685,0.56,0.295,0.5381974432852104,0.0789962462776274,0.9436426116838488,0.9248395967002749,0.9011857707509882,0.875,0.04245684093286062,0.044992500722394836,0.049839596700274935,0,0,0,0,0
50,missing,200,0.1282680870025142,0.0,0.0,0.0,2.0,0.8075978694962287,0.2921508097165992,0.36268363215731636,1.851914404692345,7.233947111757983,0.17984396677668207,0.7272727272066115,8.0,0.8864523921895463,0.531145875418153,0.4301668437553283,0.9971991694982358,0.175,0.08,0.7729047843790926,0.03466585541653808,0.9436426116838488,0.9248395967002749,0.9626865671641791,0.95,-0.019043955480330332,-0.020181322064469636,-0.02516040329972502,0,0,0,0,0
51,missing,200,0.2009408775740263,0.0,0.0,0.0,1.0,0.6985886836389605,0.31228383458646614,0.46250144592249853,2.048750455021165,8.437126764818302,0.19666790418508434,0.6363636363057851,7.0,0.9092194931007076,0.5012729934697066,0.35221660412570616,0.9999953241846175,0.125,0.07,0.8184389862014152,0.029281207549136413,0.9436426116838488,0.9248395967002749,0.9338235294117647,0.91,0.009819082272084056,0.010405509607241287,0.014839596700274904,0,0,0,0,0
52,clean,200,0.0,0.0,0.0,0.0,0.0,1.0,0.3520076633892423,0.5506564488143435,2.2147471564380448,8.616577928177653,0.20101265133553264,0.45454545450413225,5.0,0.8102086054429255,0.501130397767531,0.56091191926027,0.9999963130479727,0.43,0.25,0.6204172108858508,0.056212232838865575,0.9436426116838488,0.9248395967002749,0.5562913907284768,0.665,0.387351220955372,0.4104850880501169,0.2598395967002749,1,1,1,1,1
53,missing,200,0.25518913081944233,0.0,0.0,0.0,3.0,0.6172163037708365,0.31290919606709083,0.4236581839213419,1.8725503731963493,7.200997694968681,0.1794950193037679,0.6363636363057851,7.0,0.7700516123086077,0.5006665794580855,0.6582349122989026,0.9999987179395141,0.6,0.29,0.5401032246172156,0.07660829259004469,0.9436426116838488,0.9248395967002749,0.7796610169491526,0.805,0.1639815947346962,0.173775105670896,0.11983959670027489,1,1,0,0,1
54,outlier,200,0.0,0.0,0.15455264754028203,0.0,2.0,0.6908947049194359,0.3442857142857143,0.535213996529786,1.8808597535653049,8.616577928177653,0.2004585320413757,0.6363636363057851,7.0,0.8215269094476281,0.5011130697583653,0.5532129657940053,0.9999964252171978,0.415,0.18,0.6430538188952561,0.056990820378268886,0.9436426116838488,0.9248395967002749,0.48175182481751827,0.645,0.4618907868663305,0.4894763977992154,0.2798395967002749,1,1,1,1,1
55,clean,200,0.0,0.0,0.0,0.0,0.0,1.0,0.264512001156738,0.34844997108155007,1.8924623982240656,8.412680871327636,0.20070204449530107,0.7272727272066115,8.0,0.7944652332936848,0.5046853410655143,0.611527768969728,0.9999366577754345,0.455,0.265,0.5889304665873694,0.06484103613893204,0.9436426116838488,0.9248395967002749,0.8471615720524017,0.825,0.09648103963144705,0.10224319920975354,0.09983959670027498,1,0,0,0,0
56,missing,200,0.2933612530208009,0.0,0.0,0.0,3.0,0.5599581204687987,0.369765037593985,0.4930017351069983,2.0767728400201158,8.437126764818302,0.1620016254438385,0.6363636363057851,7.0,0.9050418335598018,0.5144157983769307,0.37362564522884756,0.9994002888572554,0.145,0.06,0.8100836671196038,0.031622306522238484,0.9436426116838488,0.9248395967002749,0.9562043795620438,0.94,-0.012561767878195074,-0.013311997263951112,-0.015160403299725012,0,0,0,0,0
57,noise,200,0.0,0.15647321315439577,0.0,0.0,4.0,0.8122321442147251,0.21729684788895315,0.33750144592249853,1.7029325274773064,8.437126764818302,0.1949613549201437,0.5454545454049586,6.0,0.860892572923109,0.5031546086889548,0.4902437915466234,0.9999712856885729,0.25,0.095,0.7217851458462176,0.04674397531593578,0.9436426116838488,0.9248395967002749,0.95,0.93,-0.00635738831615118,-0.00673707209774037,-0.005160403299725114,0,0,0,0,0
58,drift,200,0.0,0.0,0.0,0.2137540323995888,2.0,1.0,0.27341743782533257,0.4269809138230191,1.8742483216305623,8.439581875190983,0.1969274466246862,0.5454545454049586,6.0,0.8256865150067685,0.5080175220291377,0.5442407929382613,0.9998145172735525,0.4,0.2,0.6513730300135372,0.06002190948208099,0.9436426116838488,0.9248395967002749,0.9076923076923077,0.88,0.03595030399154109,0.03809737236144254,0.04483959670027493,0,0,0,0,0
59,clean,200,0.0,0.0,0.0,0.0,0.0,1.0,0.16641049739733949,0.20649797570850198,1.7178939109878215,8.439581875190983,0.19538130406846124,0.6363636363057851,7.0,0.8449430842999982,0.5002595063564105,0.4909837139913602,0.999999805687583,0.35,0.15,0.6898861685999965,0.050855389896164026,0.9436426116838488,0.9248395967002749,0.8703703703703703,0.86,0.07327224131347843,0.0776482964298127,0.06483959670027495,0,0,0,0,0
60,noise,200,0.0,0.33271250616405207,0.0,0.0,4.0,0.6007449926031375,0.2757988721804511,0.31,1.9093058196017163,8.616577928177653,0.20006495673952476,0.6363636363057851,7.0,0.7585491666077208,0.502363387581654,0.6740507967329179,0.99998388330266,0.545,0.36,0.5170983332154416,0.08556869888154804,0.9436426116838488,0.9248395967002749,0.6012269938650306,0.675,0.34241561781881813,0.36286578543220005,0.2498395967002749,1,1,1,1,1
61,imbalance,177,0.0,0.0,0.0,0.0,0.0,1.0,0.30491809706796325,0.4313841971290678,2.245333053335735,8.378770739320286,0.21129935411385284,0.9090909090082645,10.0,0.8961751311590312,0.5273629315234193,0.40362431005935767,0.9978385421679576,0.15819209039548024,0.062146892655367235,0.7923502623180625,0.03216991211501663,0.9436426116838488,0.9248395967002749,0.9422222222222222,0.9265536723163842,0.0014203894616265922,0.0015052197119276016,-0.0017140756161092563,0,0,0,0,0
62,drift,200,0.0,0.0,0.0,0.20224326779170926,2.0,1.0,0.2607193464430307,0.4609109311740891,1.8623446781811792,8.412680871327636,0.19711638085780944,0.5454545454049586,6.0,0.7840381598322647,0.5015164543214121,0.6373893220854115,0.9999933646495319,0.53,0.28,0.5680763196645292,0.07540460869643681,0.9436426116838488,0.9248395967002749,0.8317757009345794,0.82,0.11186691074926935,0.11854796428820075,0.10483959670027498,1,0,0,0,0
63,drift,200,0.0,0.0,0.0,0.2623065443772891,2.0,1.0,0.3077978600347021,0.5243088490456911,1.838381643935354,8.437126764818302,0.16481541367366923,0.6363636363057851,7.0,0.8882030332212836,0.5107856036674256,0.40808773711238117,0.999664318710151,0.225,0.09,0.776406066442567,0.03749134759076389,0.9436426116838488,0.9248395967002749,0.9433962264150944,0.925,0.00024638526875442324,0.0002611001934870976,-0.00016040329972510925,0,0,0,0,0
64,clean,200,0.0,0.0,0.0,0.0,0.0,1.0,0.3581578947368421,0.4392192018507808,2.0365454612109164,8.412680871327636,0.2004885522613844,0.7272727272066115,8.0,0.7972853779873793,0.5054011749119346,0.6066846972791125,0.9999158237712339,0.48,0.24,0.5945707559747587,0.06262133852386853,0.9436426116838488,0.9248395967002749,0.7623762376237624,0.76,0.1812663740600864,0.19209218789361368,0.16483959670027493,1,1,0,0,1
65,clean,200,0.0,0.0,0.0,0.0,0.0,1.0,0.27670474262579525,0.41634181607865817,2.0970265595465793,8.378770739320286,0.19353809095038618,0.6363636363057851,7.0,0.9172070909503941,0.5126504826872473,0.32580045586199163,0.99953818815064,0.12,0.05,0.8344141819007883,0.026215745823287517,0.9436426116838488,0.9248395967002749,0.9530685920577617,0.935,-0.009425980373912957,-0.009988930392942068,-0.010160403299725118,0,0,0,0,0
66,outlier,200,0.0,0.0,0.04705353880161633,0.0,1.0,0.9058929223967673,0.3625824175824176,0.6360728744939272,2.063880308537854,8.516677234867396,0.20458418489864086,0.7272727272066115,8.0,0.8523001100378204,0.5011685676193935,0.4716801167776596,0.9999960598511758,0.325,0.15,0.7046002200756409,0.04744997339475608,0.9436426116838488,0.9248395967002749,0.33613445378151263,0.605,0.6075081579023361,0.6437905089666307,0.31983959670027495,1,1,1,1,1
67,clean,200,0.0,0.0,0.0,0.0,0.0,1.0,0.18564849624060145,0.25526604973973394,1.6788272543333387,7.063375604426136,0.17530121143204272,0.6363636363057851,7.0,0.8793519066089024,0.5026893615311614,0.4320583307748109,0.9999791308382324,0.23,0.1,0.7587038132178049,0.03776359349348366,0.9436426116838488,0.9248395967002749,0.9588014981273408,0.945,-0.015158886443492059,-0.016064224145599052,-0.020160403299725016,0,0,0,0,0
68,clean,200,0.0,0.0,0.0,0.0,0.0,1.0,0.2923026315789474,0.4474985540775015,1.7960155822288095,7.3491140090773275,0.18311774320208268,0.5454545454049586,6.0,0.8060378797121676,0.5012709914671155,0.5622860268813804,0.9999953388801267,0.465,0.24,0.6120757594243352,0.05756654368584293,0.9436426116838488,0.9248395967002749,0.5605095541401274,0.655,0.3831330575437214,0.40601500228358545,0.2698395967002749,1,1,1,1,1
69,imbalance,149,0.0,0.0,0.0,0.0,0.0,1.0,0.3505785630829785,0.571985979403853,2.1095547829827987,7.269536859635977,0.18528819472463254,0.7272727272066115,8.0,0.9176027734892813,0.5625807239913851,0.32714261298427666,0.9886701210835748,0.1476510067114094,0.040268456375838924,0.835205546978563,0.02864870436166981,0.9436426116838488,0.9248395967002749,0.9310344827586207,0.9194630872483222,0.012608128925228113,0.013361127142583005,0.005376509451952782,0,0,0,0,0
70,compound,200,0.21136694785345284,0.2979111312401481,0.0,0.1501450050749425,4.0,0.32545622073164293,0.25945633314054367,0.34750144592249854,1.9045268701813278,8.378770739320286,0.2023174792833399,0.7272727272066115,8.0,0.8305168202080233,0.504805200099726,0.5788872206434857,0.9999333754674632,0.355,0.115,0.6610336404160466,0.06609107773825461,0.9436426116838488,0.9248395967002749,0.9049429657794676,0.875,0.03869964590438113,0.041010913861036905,0.049839596700274935,0,0,0,0,0
71,missing,200,0.15224106207590535,0.0,0.0,0.0,2.0,0.7716384068861419,0.28107215153267784,0.3377732793522267,2.0107952047989093,7.379288939368996,0.18103593513738445,0.6363636363057851,7.0,0.8372769106395083,0.5105202198530459,0.533758766989905,0.9996806358121877,0.335,0.15,0.6745538212790165,0.05186772762823579,0.9436426116838488,0.9248395967002749,0.9166666666666666,0.89,0.026975945017182146,0.028587035657979525,0.03483959670027492,0,0,0,0,0
72,compound,200,0.09771937195806804,0.2295658515780541,0.0,0.20578448927605364,4.0,0.5779419201692331,0.43016194331983804,0.6659311740890689,2.270905951511514,8.437126764818302,0.19965741562734188,0.7272727272066115,8.0,0.8641362967000714,0.5021284026321235,0.5212336425403379,0.9999869288613653,0.175,0.06,0.7282725934001428,0.050561441572932256,0.9436426116838488,0.9248395967002749,0.9530201342281879,0.93,-0.0093775225443391,-0.009937578505137813,-0.005160403299725114,0,0,0,0,0
73,noise,200,0.0,0.26694337780570715,0.0,0.0,4.0,0.6796679466331514,0.3014864083285136,0.4011133603238866,1.6478269486694566,8.437126764818302,0.17133841374248368,0.6363636363057851,7.0,0.8353246611430373,0.5002213903928115,0.5635813993473381,0.9999998585763342,0.32,0.12,0.6706493222860747,0.059188877497986396,0.9436426116838488,0.9248395967002749,0.9411764705882353,0.92,0.0024661410956134944,0.0026134270140678066,0.004839596700274895,0,0,0,0,0
74,noise,200,0.0,0.19841835238132635,0.0,0.0,4.0,0.7618979771424084,0.23471515326778483,0.35346732215153265,1.6876414372029258,7.862528521770791,0.19067658142502117,0.5454545454049586,6.0,0.7769017061376375,0.5032129114703627,0.6405338485623256,0.999970214489946,0.575,0.27,0.5538034122752751,0.07575373772552782,0.9436426116838488,0.9248395967002749,0.5714285714285714,0.655,0.3722140402552774,0.3944438659850785,0.2698395967002749,1,1,1,1,1
75,compound,200,0.06999697743237268,0.09176676528442115,0.0,0.24295205447014373,4.0,0.7848844155101355,0.31628687102371317,0.4970387507229612,1.8876888152443676,7.491703262307926,0.19596619564255596,0.7272727272066115,8.0,0.7158954210589181,0.5023705140256806,0.7420208517803224,0.9999837859607452,0.685,0.46,0.4317908421178361,0.10088485143013848,0.9436426116838488,0.9248395967002749,0.6444444444444445,0.68,0.2991981672394043,0.31706724899635863,0.2448395967002749,1,1,1,1,1
76,drift,200,0.0,0.0,0.0,0.3963039785092406,2.0,1.0,0.3600072296124928,0.8159311740890689,2.2163326043389433,8.439581875190983,0.20092315257244495,0.7272727272066115,8.0,0.8386886788924464,0.5004575178476495,0.5448085513578538,0.999999396022617,0.33,0.12,0.6773773577848928,0.05832982594592169,0.9436426116838488,0.9248395967002749,0.9382716049382716,0.925,0.005371006745577223,0.0056917806311240484,-0.00016040329972510925,0,0,0,0,0
77,drift,200,0.0,0.0,0.0,0.18245729021380364,2.0,1.0,0.3586965008675535,0.6640803932909196,2.1381928799042527,7.152601937275154,0.1779411650908859,0.5454545454049586,6.0,0.9180600904309497,0.5107634964089292,0.3237996873186455,0.9996656934983619,0.11,0.065,0.8361201808618993,0.027811696689628792,0.9436426116838488,0.9248395967002749,0.9424460431654677,0.92,0.0011965685183811248,0.0012680314584119089,0.004839596700274895,0,0,0,0,0
78,clean,200,0.0,0.0,0.0,0.0,0.0,1.0,0.283081983805668,0.42768363215731636,2.138029454723828,8.378770739320286,0.1993578828571437,0.6363636363057851,7.0,0.8928068131447227,0.5273629315234192,0.4122514482658737,0.9978385421679578,0.16,0.07,0.7856136262894452,0.03320836864136301,0.9436426116838488,0.9248395967002749,0.9368029739776952,0.915,0.00683963770615359,0.007248122980267628,0.0098395967002749,0,0,0,0,0
79,noise,200,0.0,0.37288424617856397,0.0,0.0,4.0,0.5525389045857232,0.2888006072874494,0.31543956043956045,1.8439098521538682,7.985983174635388,0.19466457237271592,0.7272727272066115,8.0,0.7992563837233344,0.5083240303570646,0.640243198720391,0.9998000635813815,0.46,0.16,0.5985127674466689,0.07616840392197799,0.9436426116838488,0.9248395967002749,0.9,0.87,0.04364261168384875,0.046249089535839415,0.05483959670027494,0,0,0,0,0
80,drift,200,0.0,0.0,0.0,0.39393224691754214,2.0,1.0,0.3356434355118566,0.5389965297860035,2.0646641959763072,8.439581875190983,0.1962247985952402,0.6363636363057851,7.0,0.7967498576314018,0.5024619968056665,0.6072359753605165,0.99998251034431,0.48,0.23,0.5934997152628035,0.06759780220108531,0.9436426116838488,0.9248395967002749,0.75,0.76,0.19364261168384878,0.205207574436579,0.16483959670027493,1,1,1,0,1
81,missing,200,0.3487793726090987,0.0,0.0,0.0,2.0,0.47683094108635193,0.3283538172353962,0.4126836321573164,2.379592341117291,8.378770739320286,0.19620721867502214,0.7272727272066115,8.0,0.8939831535552406,0.5283355962381606,0.4218768627530096,0.9976820612943229,0.145,0.06,0.7879663071104812,0.034760994622595194,0.9436426116838488,0.9248395967002749,0.9357142857142857,0.91,0.007928325969563055,0.008401831226139534,0.014839596700274904,0,0,0,0,0
82,drift,200,0.0,0.0,0.0,0.19247500766534925,2.0,1.0,0.31763013302486987,0.45731636784268365,2.0409572983117976,8.616577928177653,0.20526948551290383,0.7272727272066115,8.0,0.7424517084502434,0.5000157624587687,0.7091726920975603,0.9999999992831101,0.64,0.36,0.48490341690048694,0.08987691086440826,0.9436426116838488,0.9248395967002749,0.8282828282828283,0.83,0.11535978340102049,0.12224944258602467,0.09483959670027498,1,0,0,0,0
83,noise,200,0.0,0.3087406834270166,0.0,0.0,4.0,0.6295111798875801,0.31621746674378254,0.3967148640832851,2.004528524081435,8.616577928177653,0.20175716866401738,0.7272727272066115,8.0,0.7812526575981681,0.5006347121018242,0.6346835061619214,0.99999883759302,0.49,0.295,0.562505315196336,0.07881088153432725,0.9436426116838488,0.9248395967002749,0.5223880597014925,0.68,0.4212545519823563,0.4464132356043679,0.2448395967002749,1,1,1,1,1
84,drift,200,0.0,0.0,0.0,0.31873814698257336,2.0,1.0,0.4404843840370157,0.8909311740890689,2.520439581691143,8.378770739320286,0.19391406464831307,0.6363636363057851,7.0,0.8839551720716059,0.5223633280198438,0.4632113005770839,0.9985564817015447,0.14,0.06,0.7679103441432116,0.04034147572039858,0.9436426116838488,0.9248395967002749,0.9520295202952029,0.935,-0.00838690861135416,-0.008887801905745486,-0.010160403299725118,0,0,0,0,0
85,clean,200,0.0,0.0,0.0,0.0,0.0,1.0,0.31956766917293233,0.4273163678426836,2.0317708838218835,8.616577928177653,0.20212293395998077,0.6363636363057851,7.0,0.798386914228752,0.5011303977675312,0.582147841725268,0.9999963130479727,0.465,0.27,0.5967738284575038,0.06026942246293039,0.9436426116838488,0.9248395967002749,0.6790123456790124,0.74,0.2646302660048364,0.2804348409533899,0.18483959670027494,1,1,1,1,1
86,noise,200,0.0,0.41000185624740737,0.0,0.0,4.0,0.5079977725031112,0.3085121457489879,0.385401966454598,1.9406749719071643,8.378770739320286,0.1973820287582196,0.7272727272066115,8.0,0.7876716777967283,0.5000028309645457,0.6632022306361693,0.9999999999768756,0.485,0.205,0.5753433555934565,0.08131631420483476,0.9436426116838488,0.9248395967002749,0.8429752066115702,0.81,0.10066740507227856,0.10667958792785616,0.11483959670027488,1,0,0,0,0
87,imbalance,124,0.0,0.0,0.0,0.0,0.0,1.0,0.3569063788503517,0.5089292710684901,2.265500219143729,8.616577928177653,0.21734072218460138,0.8181818181074381,9.0,0.8780381981527732,0.5144512314569734,0.4024698697140395,0.9993973367222257,0.25806451612903225,0.12096774193548387,0.756076396305546,0.04056650130031946,0.9436426116838488,0.9248395967002749,0.6382978723404256,0.8629032258064516,0.3053447393434232,0.3235809142562786,0.06193637089382331,1,1,1,1,1
88,clean,200,0.0,0.0,0.0,0.0,0.0,1.0,0.27710454019664543,0.4430017351069983,2.133828565735594,8.378770739320286,0.19557439250088834,0.6363636363057851,7.0,0.9135967062375542,0.5364541889206219,0.3380995508724122,0.9961621780527844,0.13,0.055,0.8271934124751086,0.026873925999069962,0.9436426116838488,0.9248395967002749,0.95,0.93,-0.00635738831615118,-0.00673707209774037,-0.005160403299725114,0,0,0,0,0
89,outlier,200,0.0,0.0,0.14463497510082082,0.0,1.0,0.7107300497983584,0.19551257952573742,0.3419028340080972,1.6161252054004143,8.439581875190983,0.20216369903483708,0.7272727272066115,8.0,0.8411006683298697,0.5020343316998181,0.5053171019813644,0.9999880587644323,0.34,0.185,0.6822013366597395,0.05396527694195972,0.9436426116838488,0.9248395967002749,0.9206349206349206,0.9,0.02300769104892819,0.02438178473467955,0.024839596700274913,0,0,0,0,0
90,missing,200,0.12100555810462363,0.0,0.0,0.0,3.0,0.8184916628430645,0.2922245517640255,0.47865818392134185,2.0588539891100512,8.516677234867396,0.20143667049429556,0.6363636363057851,7.0,0.8085083869186692,0.5011875062391974,0.5590621683618298,0.9999959311025611,0.45,0.235,0.6170167738373382,0.062337653141856506,0.9436426116838488,0.9248395967002749,0.5035971223021583,0.655,0.4400454893816905,0.46632642853012,0.2698395967002749,1,1,1,1,1
91,missing,200,0.2760134555776825,0.0,0.0,0.0,2.0,0.5859798166334763,0.3229091960670908,0.4386581839213418,1.9537409304163573,7.208969330612382,0.18107524449112716,0.6363636363057851,7.0,0.7685283893833056,0.5078029154052552,0.655999364830067,0.9998243144828926,0.57,0.28,0.5370567787666114,0.07520820749123028,0.9436426116838488,0.9248395967002749,0.7727272727272727,0.8,0.17091533895657607,0.18112295551222454,0.12483959670027489,1,1,0,0,1
92,compound,200,0.14633339759282307,0.163157269826896,0.0,0.19986434193043218,4.0,0.5847111798184902,0.35406376518218624,0.6059311740890689,1.9782101645570385,7.211624377819952,0.1861589574045976,0.8181818181074381,9.0,0.8631385436238532,0.5223014825695608,0.5145288324275831,0.9985644573652852,0.21,0.08,0.7262770872477065,0.052363452515450194,0.9436426116838488,0.9248395967002749,0.9386281588447654,0.915,0.0050144528390834164,0.0053139321727127455,0.0098395967002749,0,0,0,0,0
93,outlier,200,0.0,0.0,0.06001554681510724,0.0,3.0,0.8799689063697855,0.27493710237131286,0.4425014459224985,1.7324420535088252,7.331958750587322,0.18234923898691435,0.7272727272066115,8.0,0.9069237486386641,0.5029615560676117,0.3516254119928621,0.9999746926313109,0.15,0.075,0.813847497277328,0.031697921800541456,0.9436426116838488,0.9248395967002749,0.9432624113475178,0.92,0.0003802003363310158,0.0004029071294795325,0.004839596700274895,0,0,0,0,0
94,drift,200,0.0,0.0,0.0,0.20041943862387396,2.0,1.0,0.24798004626951994,0.42699826489300174,1.9308154020320571,7.8919335107145745,0.1918619803564692,0.6363636363057851,7.0,0.7678582120362387,0.5004029586283185,0.6456474085619623,0.9999995314828415,0.56,0.35,0.5357164240724771,0.07191816617787039,0.9436426116838488,0.9248395967002749,0.7906976744186046,0.82,0.15294493726524416,0.16207930333947915,0.10483959670027498,1,1,0,0,1
95,clean,200,0.0,0.0,0.0,0.0,0.0,1.0,0.3649349334875651,0.5356564488143436,2.166613563209189,8.516677234867396,0.20836225512140452,0.6363636363057851,7.0,0.8558630672012731,0.5152808173227064,0.45311332223580736,0.9993261467480351,0.32,0.165,0.7117261344025464,0.045111646962018546,0.9436426116838488,0.9248395967002749,0.3728813559322034,0.63,0.5707612557516454,0.6048489630288338,0.29483959670027493,1,1,1,1,1
96,compound,200,0.1798420604232127,0.2441298734383931,0.0,0.17917269006651715,4.0,0.43728106123910915,0.27020459803354546,0.35865818392134186,1.9216402081940465,8.616577928177653,0.21079392151455406,0.7272727272066115,8.0,0.7405768924816009,0.5012889560205862,0.7163863631660098,0.9999952061856132,0.625,0.38,0.48115378496320177,0.0931738881406029,0.9436426116838488,0.9248395967002749,0.48951048951048953,0.635,0.45413212217335924,0.48125436056956494,0.2898395967002749,1,1,1,1,1
97,missing,200,0.1933144672640683,0.0,0.0,0.0,1.0,0.7100282991038975,0.3366591960670908,0.4336581839213419,2.1039131814820062,8.616577928177653,0.20111116484425298,0.6363636363057851,7.0,0.7675413505045809,0.5027889992367796,0.6459263454987859,0.9999775558285505,0.56,0.32,0.5350827010091621,0.07175479374068396,0.9436426116838488,0.9248395967002749,0.7283236994219653,0.765,0.2153189122618835,0.22817845375749515,0.15983959670027492,1,1,1,0,1
98,drift,200,0.0,0.0,0.0,0.1270373653947197,2.0,1.0,0.3616946211683054,0.6158299595141701,2.2669750178837917,8.616577928177653,0.20159138045840472,0.5454545454049586,6.0,0.8143554767122453,0.5025996419285103,0.5524834994539026,0.9999805000473357,0.455,0.205,0.6287109534244907,0.05695019019143596,0.9436426116838488,0.9248395967002749,0.4696969696969697,0.65,0.47394564198687905,0.5022512078369509,0.2748395967002749,1,1,1,1,1
99,noise,200,0.0,0.08449715563523205,0.0,0.0,4.0,0.8986034132377215,0.2263374783111625,0.28761133603238864,1.5441626421032644,7.130561694769064,0.17735374434682272,0.6363636363057851,7.0,0.8047709466154325,0.5017020238194836,0.5871822504254203,0.9999916413403733,0.465,0.235,0.6095418932308648,0.06467568302724602,0.9436426116838488,0.9248395967002749,0.8861788617886179,0.86,0.05746374989523084,0.06089567080040618,0.06483959670027495,0,0,0,0,0
100,compound,200,0.11453727765551674,0.089548172325598,0.0,0.23718936613801134,4.0,0.7207362767260073,0.3116816078658184,0.5094997108155003,1.8446967798052234,8.412680871327636,0.17659648571278735,0.7272727272066115,8.0,0.7640029062460666,0.5002877335282659,0.7060559245135939,0.9999997611168588,0.555,0.245,0.5280058124921332,0.08731968196020443,0.9436426116838488,0.9248395967002749,0.9213483146067416,0.895,0.022294297077107172,0.02362578456869295,0.029839596700274917,0,0,0,0,0
101,noise,200,0.0,0.3373021155494596,0.0,0.0,4.0,0.5952374613406485,0.28134037015615965,0.31,1.8755820151659242,7.753528751919557,0.18911468614119809,0.6363636363057851,7.0,0.7509364477828602,0.5002840327172915,0.7023489415973142,0.9999997672223415,0.605,0.335,0.5018728955657203,0.09028017241558257,0.9436426116838488,0.9248395967002749,0.6745562130177515,0.725,0.2690863986660973,0.28515710826239477,0.19983959670027496,1,1,1,1,1
102,outlier,200,0.0,0.0,0.13415761195062678,0.0,1.0,0.7316847760987464,0.2700441006362059,0.46238866396761136,1.7341970583752448,7.08810514018789,0.18258401516961217,0.6363636363057851,7.0,0.8821496730892082,0.5145453936663865,0.42263109092586604,0.9993894562835592,0.235,0.08,0.7642993461784161,0.04208920201952477,0.9436426116838488,0.9248395967002749,0.9312977099236641,0.91,0.012344901760184657,0.013082179200316173,0.014839596700274904,0,0,0,0,0
103,noise,200,0.0,0.44845760876086715,0.0,0.0,4.0,0.4618508694869594,0.313410931174089,0.36111336032388663,1.8961176752297653,7.211624377819952,0.18273869222875336,0.7272727272066115,8.0,0.7933160132203413,0.5015734683049264,0.6568004886505335,0.9999928563322121,0.475,0.165,0.5866320264406828,0.07887709281403481,0.9436426116838488,0.9248395967002749,0.8442622950819673,0.81,0.09938031660188151,0.10531563037327267,0.11483959670027488,1,0,0,0,0
104,drift,200,0.0,0.0,0.0,0.29622549292390415,2.0,1.0,0.34564415847310587,0.6159629843840371,2.3109532543763973,8.069903171178007,0.19591768813299817,0.6363636363057851,7.0,0.8919443689700635,0.5303421103447068,0.38797502542314816,0.9973419510992848,0.235,0.08,0.7838887379401268,0.035809464181169474,0.9436426116838488,0.9248395967002749,0.9328358208955224,0.91,0.01080679078832636,0.011452207269010846,0.014839596700274904,0,0,0,0,0
105,noise,200,0.0,0.4316522491083267,0.0,0.0,4.0,0.48201730107000795,0.3158733371891267,0.3442683632157316,1.9007106490804047,7.207857757221069,0.17995968864908027,0.6363636363057851,7.0,0.7462437908889005,0.5009982175490192,0.7049231520793063,0.9999971248849738,0.605,0.335,0.49248758177780105,0.09280099530210663,0.9436426116838488,0.9248395967002749,0.6666666666666666,0.73,0.27697594501718215,0.2935178438258788,0.19483959670027495,1,1,1,1,1
106,outlier,200,0.0,0.0,0.12201821550142833,0.0,1.0,0.7559635689971433,0.3649942163100058,0.5940746096009254,2.0315151000214757,8.516677234867396,0.20552741340562325,0.7272727272066115,8.0,0.8663736953083163,0.5011685676193938,0.4496134050420143,0.9999960598511758,0.285,0.12,0.7327473906166326,0.04738633597395483,0.9436426116838488,0.9248395967002749,0.4,0.7,0.5436426116838488,0.5761107058716379,0.22483959670027498,1,1,1,1,1
107,missing,200,0.15600566840781585,0.0,0.0,0.0,2.0,0.7659914973882762,0.30365890688259106,0.4680017351069983,2.0316864824492282,8.437126764818302,0.196926380997724,0.6363636363057851,7.0,0.9142948465220877,0.5078399879826083,0.33288028881979614,0.9998226410430464,0.125,0.075,0.8285896930441755,0.027863716987909966,0.9436426116838488,0.9248395967002749,0.9399293286219081,0.915,0.003713283061940631,0.003935052330224412,0.0098395967002749,0,0,0,0,0
108,noise,200,0.0,0.10876181567704439,0.0,0.0,4.0,0.8694858211875467,0.274572006940428,0.4156564488143436,1.855425070836644,8.516677234867396,0.20099947944358518,0.7272727272066115,8.0,0.7812503678918994,0.5012988322133058,0.6373526612453201,0.9999951324421049,0.515,0.27,0.5625007357837986,0.07485006282824243,0.9436426116838488,0.9248395967002749,0.4713375796178344,0.585,0.4723050320660144,0.500512615388059,0.33983959670027497,1,1,1,1,1
109,clean,200,0.0,0.0,0.0,0.0,0.0,1.0,0.42404279930595723,0.609893001735107,2.280260323516622,8.437126764818302,0.20017588068484252,0.7272727272066115,8.0,0.9280528479992358,0.5050499638256771,0.27564994352561334,0.9999264151425666,0.11,0.065,0.856105695998472,0.023617289169719228,0.9436426116838488,0.9248395967002749,0.9619377162629758,0.945,-0.018295104579126975,-0.019387747366657375,-0.020160403299725016,0,0,0,0,0
110,noise,200,0.0,0.2476991133266675,0.0,0.0,4.0,0.7027610640079991,0.2364423076923077,0.29779352226720646,1.7182644628594061,8.437126764818302,0.1964392094274104,0.6363636363057851,7.0,0.8387673109771961,0.5145885890988762,0.5494453058209332,0.999385824122144,0.3,0.145,0.6775346219543923,0.05980485112411893,0.9436426116838488,0.9248395967002749,0.9314079422382672,0.905,0.012234669445581603,0.012965363455540153,0.01983959670027491,0,0,0,0,0
111,missing,200,0.25541935176616376,0.0,0.0,0.0,1.0,0.6168709723507544,0.23158183921341818,0.30600347021399654,1.9018538701614274,8.439581875190983,0.2004449896202664,0.7272727272066115,8.0,0.8459123482113508,0.5000028435400399,0.5033332931524533,0.9999999999766696,0.315,0.165,0.6918246964227016,0.05170067333044487,0.9436426116838488,0.9248395967002749,0.9137931034482759,0.9,0.029849508235572864,0.031632217361058736,0.024839596700274913,0,0,0,0,0
112,noise,200,0.0,0.4170430582627217,0.0,0.0,4.0,0.499548330084734,0.2847267206477733,0.32,1.9459398780551624,8.378770739320286,0.19685125391025313,0.7272727272066115,8.0,0.7857279040394306,0.5034732354063031,0.661781840405165,0.9999651922086844,0.485,0.205,0.5714558080788613,0.07879846098017432,0.9436426116838488,0.9248395967002749,0.8482490272373541,0.805,0.0953935844464947,0.10109079768577035,0.11983959670027489,1,0,0,0,0
113,outlier,200,0.0,0.0,0.209295728884369,0.0,3.0,0.581408542231262,0.2776163967611336,0.42178716020821283,1.6850603415391492,8.378770739320286,0.19391406464831307,0.6363636363057851,7.0,0.8564320555511554,0.5011379931674341,0.4911369099821829,0.9999962633345312,0.3,0.115,0.7128641111023106,0.05109576339133065,0.9436426116838488,0.9248395967002749,0.9398496240601504,0.92,0.003792987623698396,0.004019517106069024,0.004839596700274895,0,0,0,0,0
114,outlier,200,0.0,0.0,0.20545177933040074,0.0,2.0,0.5890964413391986,0.2652125506072875,0.4042828224407172,1.5251292279961957,8.412680871327636,0.16518075183298797,0.7272727272066115,8.0,0.763923242962922,0.5009783223386939,0.6690403674021873,0.9999972383492686,0.565,0.315,0.5278464859258439,0.0829640133419141,0.9436426116838488,0.9248395967002749,0.7547169811320755,0.74,0.18892563055177325,0.200208879942845,0.18483959670027494,1,1,1,0,1
115,missing,200,0.16293901006341488,0.0,0.0,0.0,1.0,0.7555914849048777,0.33040919606709085,0.47865818392134185,2.088990703354036,8.616577928177653,0.20101265133553264,0.5454545454049586,6.0,0.7853584374442274,0.5011303977675311,0.6139373317203042,0.9999963130479724,0.49,0.29,0.5707168748884547,0.06703674088627777,0.9436426116838488,0.9248395967002749,0.5620915032679739,0.665,0.3815511084158749,0.404338574039902,0.2598395967002749,1,1,1,1,1
116,drift,200,0.0,0.0,0.0,0.559636387482026,2.0,1.0,0.509177993059572,0.818502024291498,2.72362159075989,8.439581875190983,0.20270200962939325,0.7272727272066115,8.0,0.8458363892838219,0.5440256785697963,0.5773310067929133,0.9944001135792228,0.255,0.07,0.6916727785676438,0.07131641201138846,0.9436426116838488,0.9248395967002749,0.9635036496350365,0.95,-0.019861037951187765,-0.021047203341845972,-0.02516040329972502,0,0,0,0,0
117,compound,200,0.21583284414130288,0.20519792321646446,0.0,0.09079701103030023,4.0,0.4300132259282883,0.27820633314054366,0.42250144592249855,1.7049080578999212,8.437126764818302,0.1854758098276264,0.6363636363057851,7.0,0.8555648361794411,0.5152648552469209,0.5167539781617354,0.9993275540222197,0.265,0.1,0.7111296723588822,0.053154249784439056,0.9436426116838488,0.9248395967002749,0.9481481481481482,0.93,-0.004505536464299409,-0.004774621666867127,-0.005160403299725114,0,0,0,0,0
118,drift,200,0.0,0.0,0.0,0.35494923368356635,2.0,1.0,0.42371168305378837,0.6952862926547138,2.4827635331910574,8.516677234867396,0.19956390170121613,0.5454545454049586,6.0,0.8250842059040205,0.5060795472929043,0.5362146252828528,0.9998933507713349,0.415,0.21,0.6501684118080411,0.05617206261500028,0.9436426116838488,0.9248395967002749,0.4,0.58,0.5436426116838488,0.5761107058716379,0.344839596700275,1,1,1,1,1
119,imbalance,168,0.0,0.0,0.0,0.0,0.0,1.0,0.26849696356275304,0.3614661654135338,1.8562810308913469,7.401005424714979,0.18458244411965488,0.8181818181074381,9.0,0.8238824115823613,0.5183023637884412,0.5699613142982624,0.9990332461100823,0.4166666666666667,0.16071428571428573,0.6477648231647225,0.059507677444949406,0.9436426116838488,0.9248395967002749,0.7730061349693251,0.7797619047619048,0.17063647671452364,0.1808274387156067,0.14507769193837017,1,1,0,0,1
120,noise,200,0.0,0.448755629717345,0.0,0.0,4.0,0.46149324433918604,0.2616447368421053,0.36,2.063948199612705,8.412680871327636,0.19789592735950193,0.6363636363057851,7.0,0.7575347505917924,0.5010193540549577,0.6999097996692687,0.9999970018390371,0.57,0.32,0.5150695011835849,0.09218668796781064,0.9436426116838488,0.9248395967002749,0.7135678391959799,0.715,0.2300747724878689,0.24381558165702666,0.20983959670027497,1,1,1,0,1
121,missing,200,0.2255448596976416,0.0,0.0,0.0,1.0,0.6616827104535377,0.3629091960670908,0.4086581839213419,1.9057507174291053,8.412680871327636,0.19636781095284708,0.6363636363057851,7.0,0.775831529399039,0.5015668982882304,0.6388016622998876,0.999992915864529,0.53,0.305,0.5516630587980781,0.07306231389544326,0.9436426116838488,0.9248395967002749,0.8144329896907216,0.82,0.12920962199312713,0.13692643831083176,0.10483959670027498,1,0,0,0,0
122,imbalance,193,0.0,0.0,0.0,0.0,0.0,1.0,0.20911740291342149,0.28041007261078166,1.8185373897356447,7.362493612988972,0.18632411818927216,0.8181818181074381,9.0,0.8580870359043953,0.5026893615311613,0.4859427661816048,0.9999791308382322,0.2849740932642487,0.11398963730569948,0.7161740718087906,0.04540713463209475,0.9436426116838488,0.9248395967002749,0.926829268292683,0.9067357512953368,0.016813343391165803,0.017817490610503858,0.018103845404938146,0,0,0,0,0
123,clean,200,0.0,0.0,0.0,0.0,0.0,1.0,0.26159991324465004,0.31777327935222666,1.8191284740150544,7.122037415907116,0.1777367062920423,0.6363636363057851,7.0,0.8060723365904959,0.5075680932749875,0.5929097608580943,0.999834729983313,0.435,0.22,0.6121446731809919,0.060609080228195646,0.9436426116838488,0.9248395967002749,0.8630705394190872,0.835,0.0805720722647616,0.08538409688346268,0.08983959670027497,0,0,0,0,0
124,compound,200,0.10494635940518177,0.12559008278177242,0.0,0.22929751347146266,4.0,0.6918723615541005,0.4828976286871024,0.7029641411220359,2.445698458047806,8.437126764818302,0.2007968394220286,0.7272727272066115,8.0,0.8640109504225673,0.5081868360532311,0.5176659067075999,0.9998066001518869,0.195,0.06,0.7280219008451345,0.05321628241353404,0.9436426116838488,0.9248395967002749,0.958041958041958,0.94,-0.014399346358109244,-0.015259321870973517,-0.015160403299725012,0,0,0,0,0
125,imbalance,137,0.0,0.0,0.0,0.0,0.0,1.0,0.20891659243560892,0.2801948723577613,1.979276206164444,7.079059262052928,0.18778258563899666,0.7272727272066115,8.0,0.8381349955998559,0.5218290200899132,0.5132365416687041,0.9986246568722101,0.40145985401459855,0.145985401459854,0.6762699911997119,0.05122646284073316,0.9436426116838488,0.9248395967002749,0.8721804511278195,0.8759124087591241,0.07146216055602927,0.07573011179813204,0.04892718794115081,0,0,0,0,0
126,compound,200,0.18431463911855994,0.19446769419883453,0.0,0.2112941265950587,4.0,0.49016680828355863,0.3020322440717178,0.4604048582995952,1.9615797761238176,8.412680871327636,0.2047880331566034,0.7272727272066115,8.0,0.7467922198377258,0.5000761614509475,0.7225259177007527,0.9999999832631026,0.635,0.305,0.49358443967545157,0.09557299514842921,0.9436426116838488,0.9248395967002749,0.8348623853211009,0.82,0.10878022636274787,0.11527693313187926,0.10483959670027498,1,0,0,0,0
127,drift,200,0.0,0.0,0.0,0.08965998760915378,2.0,1.0,0.24808993637941007,0.3406911509543089,1.8554381690050723,7.751156599222707,0.18686035735025816,0.6363636363057851,7.0,0.7818727504669194,0.5068967770859691,0.6456179661205649,0.9998627505270382,0.56,0.235,0.5637455009338388,0.07256209837701855,0.9436426116838488,0.9248395967002749,0.8416289592760181,0.825,0.10201365240783067,0.10810623750626297,0.09983959670027498,1,0,0,0,0
128,noise,200,0.0,0.29828368194092536,0.0,0.0,4.0,0.6420595816708896,0.24566512434933485,0.29980046269519955,1.5571747874144926,8.412680871327636,0.16477045237689736,0.6363636363057851,7.0,0.7512592729350969,0.5052582065693925,0.7073494312258438,0.999920221139869,0.59,0.33,0.5025185458701937,0.09061694461868947,0.9436426116838488,0.9248395967002749,0.7096774193548387,0.685,0.23396519232901003,0.24793834994753045,0.23983959670027488,1,1,1,0,1
129,outlier,200,0.0,0.0,0.045180881736401016,0.0,3.0,0.909638236527198,0.16881795835743202,0.23392712550607286,1.5338044068727377,7.074253963240023,0.17642358494767046,0.6363636363057851,7.0,0.864362122201068,0.5026893615311614,0.4653348453758944,0.9999791308382324,0.265,0.13,0.7287242444021359,0.044274979180144475,0.9436426116838488,0.9248395967002749,0.9548872180451128,0.94,-0.011244606361264009,-0.011916170603278299,-0.015160403299725012,0,0,0,0,0
130,drift,200,0.0,0.0,0.0,0.3553175720296332,2.0,1.0,0.5078368999421632,0.8158068247541932,2.472540231259079,8.437126764818302,0.16307790706127617,0.6363636363057851,7.0,0.89966841062382,0.502424013838588,0.40332894216331494,0.9999830458342133,0.115,0.06,0.79933682124764,0.03552920501492344,0.9436426116838488,0.9248395967002749,0.9619377162629758,0.945,-0.018295104579126975,-0.019387747366657375,-0.020160403299725016,0,0,0,0,0
131,missing,200,0.22697530605638994,0.0,0.0,0.0,2.0,0.6595370409154151,0.32540919606709084,0.4336581839213419,1.8895669982122738,7.201782247103408,0.18128581045842873,0.6363636363057851,7.0,0.7775596240799755,0.5016153278877692,0.6438091625640834,0.9999924711841955,0.58,0.26,0.5551192481599508,0.07460580794113898,0.9436426116838488,0.9248395967002749,0.813953488372093,0.84,0.12968912331175575,0.13743457699827918,0.08483959670027497,1,0,0,0,0
132,outlier,200,0.0,0.0,0.11874548596427123,0.0,3.0,0.7625090280714575,0.2761357721226142,0.3719982648930017,1.555289733806738,7.217763859892427,0.1802058562955265,0.6363636363057851,7.0,0.7836519231379373,0.5142526102307935,0.6270309802244928,0.999413791406019,0.55,0.265,0.5673038462758744,0.07316000306018115,0.9436426116838488,0.9248395967002749,0.6756756756756757,0.76,0.2679669360081731,0.2839707876756842,0.16483959670027493,1,1,1,1,1
133,missing,200,0.16896283469638104,0.0,0.0,0.0,3.0,0.7465557479554285,0.30314849624060153,0.4286581839213419,1.854672913008241,7.217763859892427,0.1802058562955265,0.6363636363057851,7.0,0.7857813961569807,0.5015668982882304,0.6198352318242423,0.999992915864529,0.52,0.26,0.5715627923139617,0.06880179483531002,0.9436426116838488,0.9248395967002749,0.7577639751552795,0.805,0.18587863652856929,0.19697990958664424,0.11983959670027489,1,1,0,0,1
134,drift,200,0.0,0.0,0.0,0.48965456825975023,2.0,1.0,0.43922643146327356,0.8827935222672064,2.6023254441873362,8.378770739320286,0.1944654109013432,0.6363636363057851,7.0,0.8511352327795448,0.5202798453654278,0.5266971569368595,0.998812993900786,0.29,0.095,0.7022704655590899,0.04936696470513549,0.9436426116838488,0.9248395967002749,0.9548872180451128,0.94,-0.011244606361264009,-0.011916170603278299,-0.015160403299725012,0,0,0,0,0
135,clean,200,0.0,0.0,0.0,0.0,0.0,1.0,0.31070922498554077,0.5023163678426836,1.9919904393789627,8.516677234867396,0.19860936409230753,0.5454545454049586,6.0,0.8281521535643557,0.501443130003477,0.5229819766436054,0.999993990808426,0.39,0.205,0.6563043071287115,0.05846695338158859,0.9436426116838488,0.9248395967002749,0.5538461538461539,0.71,0.3897964578376949,0.41307636238369994,0.21483959670027497,1,1,1,1,1
136,clean,200,0.0,0.0,0.0,0.0,0.0,1.0,0.35612998843262006,0.5773886639676113,2.076206255157953,7.325660265444178,0.18137607310167847,0.6363636363057851,7.0,0.9080059831141065,0.5029615560676117,0.34766095416741427,0.9999746926313109,0.16,0.07,0.8160119662282131,0.03101549142903779,0.9436426116838488,0.9248395967002749,0.9429657794676806,0.925,0.0006768322161682105,0.0007172548240940573,-0.00016040329972510925,0,0,0,0,0
137,clean,200,0.0,0.0,0.0,0.0,0.0,1.0,0.22639459224985536,0.2805725853094274,1.7571702001910459,7.134259950737393,0.17909462273691606,0.7272727272066115,8.0,0.8792533355424998,0.5335020703789063,0.43646312927921493,0.9967590430989631,0.215,0.1,0.7585066710849999,0.03700906512440476,0.9436426116838488,0.9248395967002749,0.9552238805970149,0.94,-0.011581268913166132,-0.012272939731099487,-0.015160403299725012,0,0,0,0,0
138,compound,200,0.06324719557037317,0.09008947860901925,0.0,0.1855369663517555,4.0,0.7970218323136171,0.37806824754193175,0.6594997108155003,2.1021331128012406,7.163082360085161,0.18143679882788105,0.7272727272066115,8.0,0.8924981171844112,0.5104313079099262,0.4269700909622158,0.9996860116219684,0.11,0.065,0.7849962343688223,0.04113575103160298,0.9436426116838488,0.9248395967002749,0.9432624113475178,0.92,0.0003802003363310158,0.0004029071294795325,0.004839596700274895,0,0,0,0,0
139,compound,200,0.16592998689434768,0.1551439063004399,0.0,0.17133478084139192,4.0,0.5649323320979506,0.35544751301330246,0.5259311740890689,2.0446251549064667,8.437126764818302,0.19726374118632775,0.7272727272066115,8.0,0.8719363746209797,0.5257098118912309,0.489711928100982,0.9980919319005485,0.205,0.075,0.7438727492419593,0.0477907786877868,0.9436426116838488,0.9248395967002749,0.9407665505226481,0.915,0.0028760611612006493,0.0030478288311087793,0.0098395967002749,0,0,0,0,0
140,clean,200,0.0,0.0,0.0,0.0,0.0,1.0,0.37477443609022554,0.6273886639676114,2.1630715662355873,7.744063752114357,0.18940912296215615,0.6363636363057851,7.0,0.915668079089183,0.5029615560676117,0.3219879307249273,0.9999746926313109,0.14,0.07,0.8313361581783661,0.02791751152185985,0.9436426116838488,0.9248395967002749,0.9584905660377359,0.945,-0.014847954353887083,-0.015734722186461533,-0.020160403299725016,0,0,0,0,0
141,missing,200,0.10456402531974346,0.0,0.0,0.0,1.0,0.8431539620203848,0.3278622035858878,0.47865818392134185,2.107301762288001,8.616577928177653,0.20067198045995424,0.6363636363057851,7.0,0.8089645419196825,0.5100188259044265,0.5683254633984116,0.9997103541833291,0.445,0.2,0.617929083839365,0.05812142171009583,0.9436426116838488,0.9248395967002749,0.5714285714285714,0.685,0.3722140402552774,0.3944438659850785,0.23983959670027488,1,1,1,1,1
142,drift,200,0.0,0.0,0.0,0.2912107327373343,2.0,1.0,0.409986986697513,0.8827935222672064,2.4825649713910356,8.378770739320286,0.1952197157923592,0.6363636363057851,7.0,0.8915815074503076,0.517338247666252,0.4353747901162866,0.9991324350275091,0.13,0.06,0.7831630149006154,0.03676594980108547,0.9436426116838488,0.9248395967002749,0.9577464788732394,0.94,-0.014103867189390606,-0.014946195731111885,-0.015160403299725012,0,0,0,0,0
143,drift,200,0.0,0.0,0.0,0.3408491169342531,2.0,1.0,0.43528846153846157,0.7054511278195489,2.3089705373208385,7.3322712381951725,0.18321043280659555,0.5454545454049586,6.0,0.8235739649151727,0.5131397313074195,0.5479762196310103,0.9995017727208155,0.44,0.16,0.6471479298303453,0.061569383447319784,0.9436426116838488,0.9248395967002749,0.40875912408759124,0.595,0.5348834875962576,0.5668284585781642,0.32983959670027496,1,1,1,1,1
144,clean,200,0.0,0.0,0.0,0.0,0.0,1.0,0.31779713707345286,0.5243088490456911,2.1831949013574925,8.437126764818302,0.19495055931670177,0.6363636363057851,7.0,0.9026841070890937,0.5132776645762677,0.3646641015048606,0.9994912563805591,0.155,0.075,0.8053682141781874,0.031242970545909923,0.9436426116838488,0.9248395967002749,0.9552238805970149,0.94,-0.011581268913166132,-0.012272939731099487,-0.015160403299725012,0,0,0,0,0
145,imbalance,141,0.0,0.0,0.0,0.0,0.0,1.0,0.32468589641042045,0.5360110587434215,2.1482257941108287,8.516677234867396,0.2113332946527027,0.8181818181074381,9.0,0.8614924647059566,0.5146938469511778,0.43345241313415966,0.9993769282113261,0.3049645390070922,0.16312056737588654,0.7229849294119135,0.045473802479581826,0.9436426116838488,0.9248395967002749,0.5294117647058824,0.7730496453900709,0.4142308469779664,0.4389700522317842,0.151789951310204,1,1,1,1,1
146,drift,200,0.0,0.0,0.0,0.29119622869962813,2.0,1.0,0.2758321283979178,0.5106564488143436,2.0692341089014916,8.439581875190983,0.19772116595237255,0.6363636363057851,7.0,0.7750009243097509,0.5005709724966407,0.6307774565977786,0.9999990593349525,0.58,0.29,0.5500018486195019,0.07489330478438229,0.9436426116838488,0.9248395967002749,0.8472906403940886,0.845,0.09635197128976014,0.10210642248946553,0.07983959670027496,1,0,0,0,0
147,noise,200,0.0,0.25802379580082846,0.0,0.0,4.0,0.6903714450390059,0.24485468478889533,0.4086784268363216,1.863085463441346,8.439581875190983,0.20839095078946115,0.7272727272066115,8.0,0.8078910179064802,0.5102531762811743,0.6029430965328841,0.999696644534035,0.445,0.195,0.6157820358129604,0.07336071771383272,0.9436426116838488,0.9248395967002749,0.9037656903765691,0.885,0.03987692130727971,0.042258499956741344,0.039839596700274926,0,0,0,0,0
148,clean,200,0.0,0.0,0.0,0.0,0.0,1.0,0.3768854829381145,0.5927935222672065,2.3110937479943705,8.439581875190983,0.2077467336998728,0.7272727272066115,8.0,0.8440808894384989,0.502390585439944,0.5126135686661419,0.9999835102250157,0.295,0.17,0.6881617788769978,0.05059837983289386,0.9436426116838488,0.9248395967002749,0.9283018867924528,0.905,0.01534072489139593,0.01625692257343573,0.01983959670027491,0,0,0,0,0
149,compound,200,0.15233140270945225,0.11453509019756261,0.0,0.14413861409115233,4.0,0.6340607876987465,0.35690934065934066,0.6301966454598034,2.015496486358923,8.439581875190983,0.20515454755015103,0.7272727272066115,8.0,0.8211177029342442,0.503000545352381,0.5983055531862813,0.999974021891153,0.4,0.1,0.6422354058684883,0.07365296934479805,0.9436426116838488,0.9248395967002749,0.9632352941176471,0.95,-0.019592682433798303,-0.02076282076545275,-0.02516040329972502,0,0,0,0,0
150,outlier,200,0.0,0.0,0.1746867442690585,0.0,1.0,0.650626511461883,0.22730986119144017,0.2636581839213419,1.57850967370598,7.102087217476315,0.17735111136200116,0.6363636363057851,7.0,0.794423526378273,0.5049863154259632,0.6126611046844738,0.9999282583717721,0.46,0.26,0.5888470527565461,0.06820766238842538,0.9436426116838488,0.9248395967002749,0.8384279475982532,0.815,0.10521466408559554,0.11149842394924349,0.10983959670027499,1,0,0,0,0
151,compound,200,0.12409442055827641,0.1865950567420247,0.0,0.1851033111601503,4.0,0.5899443010721558,0.32747469635627535,0.42190283400809714,1.8512010967261205,8.516677234867396,0.20843879472903454,0.8181818181074381,9.0,0.767284333886611,0.5005450415242613,0.6691953086612217,0.9999991428362393,0.585,0.285,0.5345686677732219,0.083682925172067,0.9436426116838488,0.9248395967002749,0.5737704918032787,0.74,0.3698721198805701,0.39196207855493426,0.18483959670027494,1,1,1,1,1
152,clean,200,0.0,0.0,0.0,0.0,0.0,1.0,0.29788895315211106,0.46178716020821287,2.0860851729023064,8.378770739320286,0.19410033796013731,0.6363636363057851,7.0,0.9156941790416188,0.5363118986733726,0.3303331221815997,0.9961921060032749,0.12,0.06,0.8313883580832376,0.026196875252095617,0.9436426116838488,0.9248395967002749,0.9614035087719298,0.945,-0.01776089708808104,-0.018821635277328795,-0.020160403299725016,0,0,0,0,0
153,compound,200,0.06246827250224829,0.11250260021936986,0.0,0.10262987785987131,4.0,0.7712944709833838,0.304298004626952,0.48846732215153266,1.8406806864131213,8.516677234867396,0.2092089047693448,0.6363636363057851,7.0,0.7993161861932491,0.5051420539768591,0.5880941724736886,0.9999237068664877,0.48,0.26,0.5986323723864984,0.0689480567132415,0.9436426116838488,0.9248395967002749,0.35185185185185186,0.65,0.5917907598319969,0.6271344170743445,0.2748395967002749,1,1,1,1,1
154,noise,200,0.0,0.26932065358279644,0.0,0.0,4.0,0.6768152157006443,0.3029214864083285,0.39907460960092533,1.9270197793729962,8.616577928177653,0.20250363016535336,0.7272727272066115,8.0,0.7811432316080394,0.5070683271007272,0.6333242513415428,0.9998558375086234,0.52,0.315,0.5622864632160788,0.07548433481069941,0.9436426116838488,0.9248395967002749,0.5588235294117647,0.7,0.38481908227208406,0.4078017218590902,0.22483959670027498,1,1,1,1,1
155,imbalance,113,0.0,0.0,0.0,0.0,0.0,1.0,0.32282049575948035,0.350308378161196,2.0664533525755235,8.412680871327636,0.21344123267575052,0.7272727272066115,8.0,0.8677861672692322,0.5054011749119346,0.43586942459892003,0.9999158237712339,0.26548672566371684,0.1592920353982301,0.7355723345384644,0.04457443101105864,0.9436426116838488,0.9248395967002749,0.8,0.8938053097345132,0.14364261168384873,0.15222141280299908,0.031034286965761715,1,1,0,0,1
156,imbalance,119,0.0,0.0,0.0,0.0,0.0,1.0,0.22480182356343345,0.2797060524614703,1.7560073640949638,8.412680871327636,0.19836186349925514,0.7272727272066115,8.0,0.8535246575154323,0.5508498469482589,0.495739079544782,0.9925263124370927,0.3277310924369748,0.12605042016806722,0.7070493150308649,0.05271928275318038,0.9436426116838488,0.9248395967002749,0.782608695652174,0.8319327731092437,0.16103391603167483,0.17065138206685296,0.0929068235910312,1,1,0,0,1
157,noise,200,0.0,0.08742634317775876,0.0,0.0,4.0,0.8950883881866895,0.22601503759398495,0.24491613649508387,1.5452216844172042,7.0779276372570585,0.17630710687461953,0.6363636363057851,7.0,0.8031525925364577,0.5036244088893267,0.5990009677934399,0.9999620962034901,0.455,0.225,0.6063051850729152,0.0657414365244912,0.9436426116838488,0.9248395967002749,0.859504132231405,0.83,0.08413847945244379,0.08916350143741648,0.09483959670027498,0,0,0,0,0
158,clean,200,0.0,0.0,0.0,0.0,0.0,1.0,0.23822513013302485,0.30277327935222664,1.7925324181934414,8.412680871327636,0.1939844137197399,0.6363636363057851,7.0,0.7892196504224458,0.5075680932749875,0.6354576885717433,0.999834729983313,0.515,0.24,0.5784393008448915,0.06838218972777298,0.9436426116838488,0.9248395967002749,0.7802690582959642,0.755,0.16337355338788462,0.17313075012925483,0.16983959670027493,1,1,0,0,1
159,missing,200,0.1134344020989634,0.0,0.0,0.0,2.0,0.8298483968515549,0.2911798727588202,0.4236581839213419,1.8271270820499994,7.305371048745261,0.18128829586716358,0.6363636363057851,7.0,0.7776351962361931,0.503702720263228,0.6347805020490396,0.9999604405440954,0.555,0.295,0.5552703924723863,0.06910661699849645,0.9436426116838488,0.9248395967002749,0.7006369426751592,0.765,0.24300566900868958,0.25751875311941264,0.15983959670027492,1,1,1,1,1
160,outlier,200,0.0,0.0,0.061557183727465214,0.0,1.0,0.8768856325450696,0.2842690861769809,0.46065644881434353,1.8257237783882294,8.516677234867396,0.1981122566500732,0.6363636363057851,7.0,0.8036759441914814,0.5044224316217482,0.5796566091661982,0.9999435670893191,0.46,0.245,0.6073518883829628,0.06654480130063728,0.9436426116838488,0.9248395967002749,0.5571428571428572,0.69,0.3864997545409916,0.4095827693089584,0.234839596700275,1,1,1,1,1
161,drift,200,0.0,0.0,0.0,0.09378998019278398,2.0,1.0,0.1985403412377096,0.2576113360323886,1.6629553369282064,8.412680871327636,0.1988527774343975,0.6363636363057851,7.0,0.7981261060193018,0.500461344879167,0.5894794190896111,0.9999993858760919,0.435,0.275,0.5962522120386038,0.06385806347400894,0.9436426116838488,0.9248395967002749,0.8430493273542601,0.825,0.1005932843295887,0.10660104045480484,0.09983959670027498,1,0,0,0,0
162,imbalance,129,0.0,0.0,0.0,0.0,0.0,1.0,0.36671867504180844,0.5340605538891952,2.2377496478989225,8.616577928177653,0.21861938894890556,0.9090909090082645,10.0,0.8914784275045462,0.5011303977675311,0.36550307934647364,0.9999963130479724,0.18604651162790697,0.13178294573643412,0.7829568550090923,0.03600339646284241,0.9436426116838488,0.9248395967002749,0.5,0.8294573643410853,0.4436426116838488,0.47013838260447827,0.09538223235918963,1,1,1,1,1
163,drift,200,0.0,0.0,0.0,0.21209638161390898,2.0,1.0,0.3100173510699826,0.38109600925390397,1.896846830674707,8.412680871327636,0.20020603396529504,0.7272727272066115,8.0,0.7935135825936628,0.5004383452804506,0.616789587342605,0.9999994455820789,0.49,0.255,0.5870271651873257,0.06832384366980859,0.9436426116838488,0.9248395967002749,0.7980769230769231,0.79,0.14556568860692565,0.1542593420965983,0.1348395967002749,1,1,0,0,1
164,clean,200,0.0,0.0,0.0,0.0,0.0,1.0,0.23512145748987856,0.32600347021399656,1.8428983697914632,8.439581875190983,0.19863872150098674,0.5454545454049586,6.0,0.8792122117754407,0.5060763561492374,0.4151644127710688,0.999893462704691,0.235,0.115,0.7584244235508814,0.041715798556371635,0.9436426116838488,0.9248395967002749,0.9381818181818182,0.915,0.005460793502030548,0.005786929742923864,0.0098395967002749,0,0,0,0,0
165,compound,200,0.12261645927972703,0.22210179309295225,0.0,0.177032311793715,4.0,0.5495531593688667,0.2181275303643725,0.28703875072296126,1.7286586039566572,8.439581875190983,0.2041375479538615,0.7272727272066115,8.0,0.7881556365438794,0.5050084776334776,0.6568094673916423,0.9999276192173172,0.52,0.205,0.5763112730877589,0.08072000677022112,0.9436426116838488,0.9248395967002749,0.8407079646017699,0.82,0.10293464708207889,0.10908223695973061,0.10483959670027498,1,0,0,0,0
166,compound,200,0.1160696962561828,0.28541220122717237,0.0,0.08128084173279271,4.0,0.483400814143119,0.27154207634470795,0.32385193753614805,1.905131704842691,8.616577928177653,0.205694260111633,0.7272727272066115,8.0,0.748296099535319,0.5027664162899912,0.7052956231793847,0.9999779178265429,0.6,0.36,0.4965921990706381,0.0895120917057082,0.9436426116838488,0.9248395967002749,0.5517241379310345,0.675,0.3919184737528143,0.41532511194905086,0.2498395967002749,1,1,1,1,1
167,clean,200,0.0,0.0,0.0,0.0,0.0,1.0,0.1967343840370156,0.27091093117408904,1.7836689272765631,8.412680871327636,0.19867409727051785,0.6363636363057851,7.0,0.7972754726856721,0.5037251863402258,0.6026255378144372,0.9999599590331102,0.44,0.285,0.5945509453713439,0.06537429785442195,0.9436426116838488,0.9248395967002749,0.8717948717948718,0.85,0.07184773988897697,0.07613871917529473,0.07483959670027496,0,0,0,0,0
168,compound,200,0.22016350356722925,0.09933527739883165,0.0,0.21699703074599436,4.0,0.5505524117705581,0.2968486119144014,0.43250144592249856,1.946601836316166,8.439581875190983,0.2037077564331082,0.7272727272066115,8.0,0.8133862420952117,0.5058602055235304,0.5985453854370557,0.9999009076397237,0.39,0.19,0.6267724841904234,0.0693320882554958,0.9436426116838488,0.9248395967002749,0.875,0.85,0.06864261168384878,0.07274217035262937,0.07483959670027496,0,0,0,0,0
169,clean,200,0.0,0.0,0.0,0.0,0.0,1.0,0.3503260555234239,0.45731636784268365,2.063366950795522,8.616577928177653,0.2054172738599515,0.7272727272066115,8.0,0.7952399886928165,0.501130397767531,0.5955586363005635,0.9999963130479727,0.445,0.275,0.5904799773856332,0.0626381124143358,0.9436426116838488,0.9248395967002749,0.6666666666666666,0.715,0.27697594501718215,0.2935178438258788,0.20983959670027497,1,1,1,1,1
170,noise,200,0.0,0.0867497181284936,0.0,0.0,4.0,0.8959003382458077,0.37144809138230184,0.5234673221515327,2.0099239267983537,8.516677234867396,0.20103656893808353,0.6363636363057851,7.0,0.8375658511465385,0.5149990176646081,0.5119477847160095,0.9993507748699708,0.38,0.19,0.6751317022930771,0.0539285181269771,0.9436426116838488,0.9248395967002749,0.4,0.67,0.5436426116838488,0.5761107058716379,0.2548395967002749,1,1,1,1,1
171,clean,200,0.0,0.0,0.0,0.0,0.0,1.0,0.18579308849045692,0.2562897628687103,1.8371859081140842,8.439581875190983,0.19743666846263971,0.6363636363057851,7.0,0.8301466958441216,0.5002595063564106,0.5258118835269078,0.999999805687583,0.385,0.17,0.660293391688243,0.05360948477740347,0.9436426116838488,0.9248395967002749,0.8571428571428571,0.85,0.08649975454099168,0.09166579950747936,0.07483959670027496,0,0,0,0,0
172,drift,200,0.0,0.0,0.0,0.26395607922401065,2.0,1.0,0.4826041064198959,0.8926257952573743,2.6802502092189586,8.616577928177653,0.20258511494653825,0.6363636363057851,7.0,0.8482729597412719,0.5008096299555261,0.5034265496751519,0.9999981086240566,0.325,0.115,0.6965459194825442,0.05204460413725208,0.9436426116838488,0.9248395967002749,0.38016528925619836,0.625,0.5634773224276504,0.5971300096601655,0.29983959670027494,1,1,1,1,1
173,outlier,200,0.0,0.0,0.040954001151568976,0.0,2.0,0.918091997696862,0.34087550607287453,0.47231636784268366,1.93475351841613,8.516677234867396,0.205592104969106,0.6363636363057851,7.0,0.8114391301679751,0.501443130003477,0.5599700886409957,0.999993990808426,0.46,0.205,0.6228782603359503,0.06374124037733188,0.9436426116838488,0.9248395967002749,0.6046511627906976,0.745,0.33899144889315114,0.3592371140690786,0.17983959670027494,1,1,1,1,1
174,drift,200,0.0,0.0,0.0,0.3352114682074094,2.0,1.0,0.29469346443030653,0.4930017351069983,1.873244743268539,8.439581875190983,0.19514750100983314,0.6363636363057851,7.0,0.8352471320199507,0.5018825980182164,0.5198408666104538,0.9999897736475837,0.38,0.175,0.6704942640399014,0.05358207632929249,0.9436426116838488,0.9248395967002749,0.8815165876777251,0.875,0.06212602400612366,0.06583639099280261,0.049839596700274935,0,0,0,0,0
175,imbalance,197,0.0,0.0,0.0,0.0,0.0,1.0,0.38261017635850647,0.6285350236191807,2.280451394819833,8.616577928177653,0.20297573449163814,0.7272727272066115,8.0,0.8552084991937758,0.5256092816732855,0.4743864852566398,0.9981068310622201,0.30456852791878175,0.09644670050761421,0.7104169983875515,0.04265644823809954,0.9436426116838488,0.9248395967002749,0.37398373983739835,0.6091370558375635,0.5696588718464504,0.6036807411931754,0.31570254086271143,1,1,1,1,1
176,noise,200,0.0,0.3430524171695969,0.0,0.0,4.0,0.5883370993964838,0.2810981781376518,0.3265644881434355,1.845945741311999,8.616577928177653,0.20389965844709543,0.7272727272066115,8.0,0.7713487780630061,0.502615709108756,0.6534918583784665,0.9999802582610392,0.525,0.32,0.5426975561260121,0.08278447332545998,0.9436426116838488,0.9248395967002749,0.6024096385542169,0.67,0.34123297312963186,0.3616125093790737,0.2548395967002749,1,1,1,1,1
177,missing,200,0.20228311360533652,0.0,0.0,0.0,1.0,0.6965753295919952,0.31096443030653564,0.4336581839213419,1.902238402681309,7.775177223503878,0.18885238740124838,0.6363636363057851,7.0,0.7692597747017328,0.5001750662851333,0.6361521130477897,0.9999999115679739,0.55,0.34,0.5385195494034655,0.06908342283775497,0.9436426116838488,0.9248395967002749,0.6352941176470588,0.69,0.30834849403679,0.32676406289008575,0.234839596700275,1,1,1,1,1
178,noise,200,0.0,0.30592941570340404,0.0,0.0,4.0,0.6328847011559151,0.2660613071139387,0.3140283400809717,1.6890826791001492,7.122037415907116,0.1777367062920423,0.6363636363057851,7.0,0.7531707088836106,0.5010341495967691,0.6955425678445343,0.999996914172975,0.615,0.33,0.5063414177672213,0.0878040441143673,0.9436426116838488,0.9248395967002749,0.7964601769911505,0.77,0.14718243469269832,0.1559726454850225,0.15483959670027492,1,1,0,0,1
179,noise,200,0.0,0.29505814192636654,0.0,0.0,4.0,0.6459302296883602,0.2538006072874494,0.36656448814343556,1.7744020267973506,8.412680871327636,0.2005333378490583,0.7272727272066115,8.0,0.7647801781070354,0.5001188571281668,0.6782797060791264,0.9999999592380451,0.55,0.3,0.5295603562140706,0.08618411607564613,0.9436426116838488,0.9248395967002749,0.8130841121495327,0.8,0.13055849953431609,0.13835587517925865,0.12483959670027489,1,0,0,0,0
180,compound,200,0.16877661951157977,0.16123070593217714,0.0,0.15722555527724694,4.0,0.5533582236140178,0.26725202429149797,0.3990688259109312,1.6555748255090768,7.228384582336821,0.18098509060577553,0.7272727272066115,8.0,0.7741734217778894,0.5008662983171855,0.6695006258434745,0.9999978345922168,0.55,0.245,0.5483468435557788,0.08042635202326184,0.9436426116838488,0.9248395967002749,0.9011857707509882,0.875,0.04245684093286062,0.044992500722394836,0.049839596700274935,0,0,0,0,0
181,imbalance,160,0.0,0.0,0.0,0.0,0.0,1.0,0.22484727443609026,0.31103600347021404,1.9058837960869093,8.412680871327636,0.20052056584508998,0.6363636363057851,7.0,0.7713751922300096,0.5037251863402258,0.6518598554558214,0.9999599590331102,0.53125,0.3125,0.5427503844600192,0.07858336887873593,0.9436426116838488,0.9248395967002749,0.852017937219731,0.79375,0.09162467446411782,0.09709679621559766,0.13108959670027498,0,0,0,0,0
182,missing,200,0.25537146436395,0.0,0.0,0.0,1.0,0.616942803454075,0.2856962116830538,0.3527732793522267,1.960097596330467,7.091566436184506,0.1766611735037781,0.6363636363057851,7.0,0.8066733034959124,0.5033678055972987,0.5988129884563875,0.999967273327734,0.455,0.18,0.6133466069918246,0.06020802818244125,0.9436426116838488,0.9248395967002749,0.9047619047619048,0.88,0.03888070692194401,0.041202788427879444,0.04483959670027493,0,0,0,0,0
183,compound,200,0.1863005444447859,0.24725012917573103,0.0,0.18125858590333352,4.0,0.42384902832194393,0.26451561596298445,0.3704048582995952,1.7007212411795036,7.196693167166391,0.18509787241093276,0.7272727272066115,8.0,0.7414872312650005,0.5001553475764002,0.7185590493325128,0.9999999303672567,0.605,0.37,0.48297446253000076,0.09644108560823103,0.9436426116838488,0.9248395967002749,0.7701149425287356,0.8,0.1735276691551132,0.18389130251502395,0.12483959670027489,1,1,0,0,1
184,missing,200,0.28828683498993873,0.0,0.0,0.0,3.0,0.5675697475150919,0.33068319838056687,0.40069115095430896,1.9707347164947076,7.161680254686281,0.17796780649193564,0.6363636363057851,7.0,0.793648375422635,0.5070023952036965,0.6315243026927128,0.9998585144888463,0.475,0.2,0.58729675084527,0.06355104967745269,0.9436426116838488,0.9248395967002749,0.9011857707509882,0.875,0.04245684093286062,0.044992500722394836,0.049839596700274935,0,0,0,0,0
185,clean,200,0.0,0.0,0.0,0.0,0.0,1.0,0.19798438403701557,0.27091093117408904,1.7843913506070102,8.412680871327636,0.19877471406855682,0.6363636363057851,7.0,0.7994766773400513,0.5046853410655142,0.59918321520364,0.9999366577754344,0.435,0.28,0.5989533546801029,0.06493780830535112,0.9436426116838488,0.9248395967002749,0.8706896551724138,0.85,0.07295295651143496,0.0773099429072483,0.07483959670027496,0,0,0,0,0
186,imbalance,181,0.0,0.0,0.0,0.0,0.0,1.0,0.3651328171682926,0.5709703498014054,1.9845405162986454,8.437126764818302,0.16788678312586874,0.7272727272066115,8.0,0.9097218225507981,0.5190321917547821,0.33506409224246675,0.9989545889967971,0.15469613259668508,0.0718232044198895,0.8194436451015962,0.027155881772309827,0.9436426116838488,0.9248395967002749,0.9537366548042705,0.9281767955801105,-0.010094043120421725,-0.010696892006299806,-0.0033371988798355234,0,0,0,0,0
187,outlier,200,0.0,0.0,0.17155614553665596,0.0,1.0,0.656887708926688,0.15552631578947365,0.18428282244071714,1.5004927406457775,8.412680871327636,0.18788739918453135,0.6363636363057851,7.0,0.7786065922881822,0.5009783223386939,0.6570412226818693,0.9999972383492685,0.555,0.24,0.5572131845763645,0.07612202247368423,0.9436426116838488,0.9248395967002749,0.8260869565217391,0.8,0.11755565516210964,0.12457645890721834,0.12483959670027489,1,0,0,0,0
188,clean,200,0.0,0.0,0.0,0.0,0.0,1.0,0.262012001156738,0.34844997108155007,1.888612455705645,8.412680871327636,0.2005790954713525,0.7272727272066115,8.0,0.7975103282540046,0.5046853410655143,0.605792868906215,0.9999366577754345,0.445,0.26,0.5950206565080092,0.06459002796450594,0.9436426116838488,0.9248395967002749,0.8546255506607929,0.835,0.08901706102305584,0.09433344767027756,0.08983959670027497,0,0,0,0,0
189,noise,200,0.0,0.35421464023732185,0.0,0.0,4.0,0.5749424317152139,0.2438577212261423,0.315,1.9136979355821462,8.439581875190983,0.19760171998769027,0.7272727272066115,8.0,0.7945426134617037,0.5035983314502062,0.6362518229671914,0.9999626396778116,0.47,0.2,0.5890852269234073,0.07689203480877771,0.9436426116838488,0.9248395967002749,0.8118811881188119,0.81,0.13176142356503684,0.13963064172175238,0.11483959670027488,1,0,0,0,0
190,imbalance,90,0.0,0.0,0.0,0.0,0.0,1.0,0.2563315339631129,0.38600347021399656,2.356868534961873,8.378770739320286,0.22322849039583853,0.7272727272066115,8.0,0.9085641139653483,0.5283355962381606,0.36337707643345296,0.9976820612943229,0.12222222222222222,0.05555555555555555,0.8171282279306965,0.03288291399837391,0.9436426116838488,0.9248395967002749,0.9473684210526315,0.9666666666666667,-0.003725809368782751,-0.00394832674860458,-0.04182706996639174,0,0,0,0,0
191,outlier,200,0.0,0.0,0.18314811613478024,0.0,2.0,0.6337037677304396,0.28983950260266045,0.47722672064777333,1.8133966014353653,8.437126764818302,0.19548113124334401,0.6363636363057851,7.0,0.8785969688090712,0.5132776645762677,0.4353670467600492,0.9994912563805591,0.23,0.1,0.7571939376181425,0.04439287190979393,0.9436426116838488,0.9248395967002749,0.9411764705882353,0.92,0.0024661410956134944,0.0026134270140678066,0.004839596700274895,0,0,0,0,0
192,clean,200,0.0,0.0,0.0,0.0,0.0,1.0,0.31989589358010406,0.42199826489300174,1.8542819189838098,7.2321950278481495,0.18135619269436623,0.6363636363057851,7.0,0.8076144324832686,0.5159876207274158,0.5780674814880635,0.999262356979513,0.46,0.24,0.6152288649665371,0.06151660902070384,0.9436426116838488,0.9248395967002749,0.7612903225806451,0.815,0.18235228910320367,0.19324295729351262,0.10983959670027499,1,1,0,0,1
193,imbalance,176,0.0,0.0,0.0,0.0,0.0,1.0,0.3030883590094116,0.4370018139754982,2.236771122304075,8.378770739320286,0.2061162897253253,0.7272727272066115,8.0,0.8984858699279011,0.5414822785127573,0.4062253632098452,0.9950291684401819,0.1534090909090909,0.05113636363636364,0.7969717398558022,0.030727798938623378,0.9436426116838488,0.9248395967002749,0.9606986899563319,0.9488636363636364,-0.01705607827248312,-0.018074722403615604,-0.02402403966336142,0,0,0,0,0
194,imbalance,153,0.0,0.0,0.0,0.0,0.0,1.0,0.22262594646495576,0.2908545874490147,1.8880727025522808,8.439581875190983,0.20016882771714925,0.7272727272066115,8.0,0.8460238851101893,0.5002595063564106,0.5004116699317716,0.999999805687583,0.32679738562091504,0.1503267973856209,0.6920477702203788,0.05225094949379036,0.9436426116838488,0.9248395967002749,0.9197080291970803,0.9281045751633987,0.023934582486768496,0.025364033125523305,-0.003264978463123791,0,0,0,0,0
195,missing,200,0.1677335322267906,0.0,0.0,0.0,3.0,0.7483997016598141,0.31942741469057256,0.46865818392134184,2.1231323770514225,8.616577928177653,0.20149155813918454,0.6363636363057851,7.0,0.7785344811098307,0.5050525687864764,0.6279625977136942,0.9999263392060338,0.535,0.305,0.5570689622196614,0.0670167682723219,0.9436426116838488,0.9248395967002749,0.6390532544378699,0.695,0.3045893572459789,0.3227804182980727,0.22983959670027498,1,1,1,1,1
196,clean,200,0.0,0.0,0.0,0.0,0.0,1.0,0.2777060439560439,0.4525014459224985,1.9911634221584082,7.286662390674685,0.18051867750870607,0.5454545454049586,6.0,0.9196709479426248,0.5029615560676117,0.3210079758331927,0.9999746926313109,0.115,0.065,0.8393418958852498,0.025953142394429314,0.9436426116838488,0.9248395967002749,0.9466192170818505,0.925,-0.002976605398001708,-0.003154377894758096,-0.00016040329972510925,0,0,0,0,0
197,drift,200,0.0,0.0,0.0,0.12758134245605435,2.0,1.0,0.34404063042220934,0.7079641411220359,2.2256075379642764,8.437126764818302,0.19672682733696784,0.5454545454049586,6.0,0.9067380209432463,0.5036421107921718,0.35378762589825014,0.9999617250456954,0.125,0.075,0.8134760418864926,0.03187085206273783,0.9436426116838488,0.9248395967002749,0.9428571428571428,0.92,0.0007854688267059373,0.0008323795641995824,0.004839596700274895,0,0,0,0,0
198,compound,200,0.16549725418122513,0.1581797394000471,0.0,0.1465519587342553,4.0,0.5619384314481057,0.29187319259687683,0.5218941584731058,1.9384848111715092,8.439581875190983,0.20396835356091564,0.7272727272066115,8.0,0.8202044216564209,0.5018460675088617,0.5924529889761683,0.9999901666685355,0.365,0.165,0.6404088433128422,0.07154010885721877,0.9436426116838488,0.9248395967002749,0.9637681159420289,0.95,-0.02012550425818016,-0.02132746443162467,-0.02516040329972502,0,0,0,0,0
199,clean,200,0.0,0.0,0.0,0.0,0.0,1.0,0.30575043377674954,0.4525014459224985,2.1177595907019704,8.437126764818302,0.20609069147746156,0.7272727272066115,8.0,0.9249568379086627,0.5078399879826083,0.2938427176578162,0.9998226410430464,0.105,0.065,0.8499136758173254,0.024640261894660037,0.9436426116838488,0.9248395967002749,0.948905109489051,0.93,-0.005262497805202271,-0.005576791186056135,-0.005160403299725114,0,0,0,0,0
200,missing,200,0.23727139877419762,0.0,0.0,0.0,3.0,0.6440929018387036,0.3171674378253326,0.3606911509543089,2.096095590677193,7.470546955900479,0.18394546893607755,0.7272727272066115,8.0,0.8447380009384314,0.5020312479670996,0.5197450114017873,0.9999880949392317,0.315,0.145,0.6894760018768629,0.05040714429867222,0.9436426116838488,0.9248395967002749,0.9296875,0.91,0.013955111683848775,0.014788556065901398,0.014839596700274904,0,0,0,0,0
201,imbalance,125,0.0,0.0,0.0,0.0,0.0,1.0,0.3561735106998265,0.6020728744939272,2.364386864075702,8.516677234867396,0.218194233570713,0.8181818181074381,9.0,0.8210558708398733,0.5052771819900082,0.5657704540485088,0.9999196442902999,0.376,0.184,0.6421117416797465,0.060829924575917384,0.9436426116838488,0.9248395967002749,0.36538461538461536,0.472,0.5782579962992334,0.612793433156424,0.45283959670027496,1,1,1,1,1
202,compound,200,0.11698112293141723,0.1106398559859452,0.0,0.21498428217595028,4.0,0.6917604884197399,0.35122614227877386,0.5504048582995952,2.0269651391401875,8.616577928177653,0.2045566364485738,0.6363636363057851,7.0,0.7117623394391412,0.5003417280781725,0.7572269192736202,0.9999996630496617,0.695,0.465,0.42352467887828255,0.10265549383513306,0.9436426116838488,0.9248395967002749,0.6888888888888889,0.72,0.2547537227949599,0.2699684386553988,0.20483959670027496,1,1,1,1,1
203,drift,200,0.0,0.0,0.0,0.21010951377499104,2.0,1.0,0.3087991613649509,0.46134181607865815,1.8157694124592465,7.176294000233838,0.17825116900385216,0.6363636363057851,7.0,0.8010673430657265,0.501705937061557,0.61942751800604,0.9999916028601546,0.475,0.185,0.6021346861314532,0.06787536332715251,0.9436426116838488,0.9248395967002749,0.9498069498069498,0.935,-0.006164338123101021,-0.006532492323093379,-0.010160403299725118,0,0,0,0,0
204,outlier,200,0.0,0.0,0.0673014783518952,0.0,1.0,0.8653970432962096,0.302432041642568,0.5619809138230192,1.9578020381498527,8.439581875190983,0.2076815246900203,0.7272727272066115,8.0,0.8444062216631594,0.5021430310938284,0.518378848888473,0.9999867485680987,0.275,0.16,0.6888124433263184,0.05295254264815515,0.9436426116838488,0.9248395967002749,0.9477611940298507,0.93,-0.004118582346001931,-0.004364557397729336,-0.005160403299725114,0,0,0,0,0
205,clean,200,0.0,0.0,0.0,0.0,0.0,1.0,0.3657692307692308,0.5856564488143435,2.2421338237763084,8.616577928177653,0.2019977755716583,0.7272727272066115,8.0,0.8267840607604697,0.5196721737262673,0.5232981771556076,0.9988830818765003,0.4,0.205,0.6535681215209397,0.04943161232284208,0.9436426116838488,0.9248395967002749,0.5037037037037037,0.665,0.4399389079801451,0.46621348174273164,0.2598395967002749,1,1,1,1,1
206,outlier,200,0.0,0.0,0.046035838252440286,0.0,2.0,0.9079283234951194,0.2593609022556391,0.4227935222672065,1.8135285612287588,8.439581875190983,0.20064406995291736,0.6363636363057851,7.0,0.8521285920242104,0.5023905854399441,0.48795566018779235,0.9999835102250157,0.27,0.155,0.7042571840484206,0.0488562219874059,0.9436426116838488,0.9248395967002749,0.933852140077821,0.915,0.00979047160602775,0.010375190219719211,0.0098395967002749,0,0,0,0,0
207,drift,200,0.0,0.0,0.0,0.19644246834006265,2.0,1.0,0.3097874493927125,0.5586957779063042,1.7737766116234335,8.412680871327636,0.1678049220383513,0.5454545454049586,6.0,0.765547730480678,0.501077681148795,0.6514467009507247,0.9999966489150063,0.55,0.325,0.5310954609613558,0.07711062716847497,0.9436426116838488,0.9248395967002749,0.6926829268292682,0.685,0.25095968485458053,0.2659478085043413,0.23983959670027488,1,1,1,1,1
208,imbalance,166,0.0,0.0,0.0,0.0,0.0,1.0,0.28445598472548383,0.4508330604082031,2.1850189479317232,8.378770739320286,0.20243432480848458,0.8181818181074381,9.0,0.917875501404487,0.5364541889206219,0.329076657767155,0.9961621780527844,0.1144578313253012,0.04216867469879518,0.8357510028089739,0.02659375718053007,0.9436426116838488,0.9248395967002749,0.9489795918367347,0.9397590361445783,-0.005336980152885973,-0.005655721860320478,-0.014919439444303406,0,0,0,0,0
209,clean,200,0.0,0.0,0.0,0.0,0.0,1.0,0.27710454019664543,0.4430017351069983,2.13460351717335,8.378770739320286,0.19593324509920343,0.6363636363057851,7.0,0.9164136528226967,0.536454188920622,0.32927269774170215,0.9961621780527843,0.13,0.05,0.8328273056453936,0.02642385024637748,0.9436426116838488,0.9248395967002749,0.9473684210526315,0.93,-0.003725809368782751,-0.00394832674860458,-0.005160403299725114,0,0,0,0,0
210,noise,200,0.0,0.34723345030543457,0.0,0.0,4.0,0.5833198596334785,0.26078802776171195,0.33881145170618854,1.8246064091867344,8.439581875190983,0.20263143406576753,0.7272727272066115,8.0,0.7921181825835473,0.5000669679730988,0.6322637650834303,0.9999999870598638,0.475,0.215,0.5842363651670943,0.07958201592729865,0.9436426116838488,0.9248395967002749,0.8755020080321285,0.845,0.06814060365172026,0.07221018077799501,0.07983959670027496,0,0,0,0,0
211,clean,200,0.0,0.0,0.0,0.0,0.0,1.0,0.2887832562174667,0.48231636784268367,1.990851549644409,8.516677234867396,0.19905063171747117,0.5454545454049586,6.0,0.8080705571627856,0.501443130003477,0.5655913776292547,0.999993990808426,0.475,0.22,0.6161411143255713,0.06317905448726158,0.9436426116838488,0.9248395967002749,0.6086956521739131,0.73,0.3349469595099357,0.3549510747053916,0.19483959670027495,1,1,1,1,1
212,noise,200,0.0,0.336760924452827,0.0,0.0,4.0,0.5958868906566076,0.2230581260844419,0.3115644881434355,1.8427168573397898,8.439581875190983,0.19664004794040799,0.6363636363057851,7.0,0.7807975381110711,0.5061935346089935,0.6465077242795797,0.9998893139781121,0.535,0.25,0.5615950762221422,0.07925535838869653,0.9436426116838488,0.9248395967002749,0.8367346938775511,0.84,0.10690791780629771,0.1132928042558792,0.08483959670027497,1,0,0,0,0
213,clean,200,0.0,0.0,0.0,0.0,0.0,1.0,0.3708624927703875,0.5910728744939271,2.3018821685594135,8.616577928177653,0.19926954711980774,0.6363636363057851,7.0,0.8314625084891003,0.5088006929980599,0.5094959139782185,0.9997765086574895,0.405,0.155,0.6629250169782004,0.0476909024649766,0.9436426116838488,0.9248395967002749,0.4492753623188406,0.62,0.4943672493650082,0.5238924596240521,0.30483959670027494,1,1,1,1,1
214,imbalance,173,0.0,0.0,0.0,0.0,0.0,1.0,0.32587348763193,0.41588876593440033,2.0213235855874374,8.412680871327636,0.1682096244328962,0.8181818181074381,9.0,0.7972057341740157,0.5009783223386939,0.6047262692239136,0.9999972383492685,0.47398843930635837,0.24277456647398843,0.5944114683480316,0.07143401442622108,0.9436426116838488,0.9248395967002749,0.7752808988764045,0.7687861271676301,0.16836171280744427,0.17841681855443187,0.15605346953264487,1,1,0,0,1
215,noise,200,0.0,0.4348576739886903,0.0,0.0,4.0,0.47817079121357164,0.3877826778484673,0.41458068247541935,1.92940147080082,8.437126764818302,0.19001484940288907,0.7272727272066115,8.0,0.8269515919622838,0.507271670452011,0.5917246210106157,0.9998474232982498,0.335,0.125,0.6539031839245678,0.06530026371005034,0.9436426116838488,0.9248395967002749,0.9214285714285714,0.89,0.0222140402552774,0.023540734550019555,0.03483959670027492,0,0,0,0,0
216,clean,200,0.0,0.0,0.0,0.0,0.0,1.0,0.296831983805668,0.42768363215731636,2.228707494567908,8.378770739320286,0.20150916691142567,0.6363636363057851,7.0,0.8890877631293393,0.5273629315234192,0.4242822982798378,0.9978385421679578,0.16,0.075,0.7781755262586788,0.033896551879118525,0.9436426116838488,0.9248395967002749,0.9323308270676691,0.91,0.011311784616179654,0.011987360960742745,0.014839596700274904,0,0,0,0,0
217,outlier,200,0.0,0.0,0.08092317694539766,0.0,3.0,0.8381536461092047,0.17079308849045693,0.21128976286871026,1.6705830484169255,8.439581875190983,0.1971485774049254,0.6363636363057851,7.0,0.8228426655983182,0.5019447770413623,0.5520908986533195,0.9999890869720509,0.4,0.185,0.6456853311966367,0.05899912848964911,0.9436426116838488,0.9248395967002749,0.8663594470046083,0.855,0.07728316467924046,0.08189876510497608,0.06983959670027495,0,0,0,0,0
218,missing,200,0.23448507894579634,0.0,0.0,0.0,2.0,0.6482723815813055,0.2820517640254482,0.3718854829381145,1.9920061769858668,8.439581875190983,0.20100787547257917,0.6363636363057851,7.0,0.8589333532263251,0.5023905854399441,0.4881308376829814,0.9999835102250157,0.245,0.13,0.7178667064526502,0.0452661027732044,0.9436426116838488,0.9248395967002749,0.9398496240601504,0.92,0.003792987623698396,0.004019517106069024,0.004839596700274895,0,0,0,0,0
219,drift,200,0.0,0.0,0.0,0.4110932518554253,2.0,1.0,0.4553976286871024,0.834412955465587,2.5859949808825102,8.439581875190983,0.20248412209561134,0.7272727272066115,8.0,0.750346583541435,0.5023906212992937,0.7058057399391535,0.999983509730309,0.62,0.335,0.5006931670828701,0.09076278404972422,0.9436426116838488,0.9248395967002749,0.889763779527559,0.86,0.05387883215628975,0.057096650185233765,0.06483959670027495,0,0,0,0,0
220,clean,200,0.0,0.0,0.0,0.0,0.0,1.0,0.14581983805668017,0.19591093117408906,1.7067284018300917,8.412680871327636,0.19788672187746892,0.5454545454049586,6.0,0.7978671133786389,0.5037251863402258,0.5983146278165522,0.9999599590331102,0.455,0.275,0.5957342267572779,0.06801926471816801,0.9436426116838488,0.9248395967002749,0.8765957446808511,0.855,0.06704686700299767,0.07105112264091933,0.06983959670027495,0,0,0,0,0
221,compound,200,0.16859258105176433,0.10248678612954391,0.0,0.23618758878432689,4.0,0.6241269850669008,0.28601792943898213,0.4286581839213419,2.0456736610638675,8.616577928177653,0.21099781955690386,0.7272727272066115,8.0,0.7246503660869904,0.5025281332015078,0.7362076450014228,0.999981558073385,0.68,0.43,0.44930073217398075,0.09888028888845384,0.9436426116838488,0.9248395967002749,0.5655172413793104,0.685,0.3781253703045384,0.40070823977427017,0.23983959670027488,1,1,1,1,1
222,clean,200,0.0,0.0,0.0,0.0,0.0,1.0,0.322854973973395,0.5243088490456911,2.1784940540970053,8.437126764818302,0.19505641428729334,0.6363636363057851,7.0,0.9024271221241307,0.5114869122740975,0.3652535643985571,0.999619241722977,0.155,0.08,0.804854244248261,0.03190652505298905,0.9436426116838488,0.9248395967002749,0.9552238805970149,0.94,-0.011581268913166132,-0.012272939731099487,-0.015160403299725012,0,0,0,0,0
223,drift,200,0.0,0.0,0.0,0.17543517234319045,2.0,1.0,0.3530805378831695,0.7385338345864663,2.2090779445335853,8.516677234867396,0.19816183418159536,0.5454545454049586,6.0,0.8357738229587071,0.5021954749486094,0.5190676555144863,0.9999860920569996,0.365,0.185,0.6715476459174144,0.057009540176072813,0.9436426116838488,0.9248395967002749,0.4186046511627907,0.625,0.525037960521058,0.5563949247986779,0.29983959670027494,1,1,1,1,1
224,drift,200,0.0,0.0,0.0,0.4661204903608357,2.0,1.0,0.3968992192018508,0.6177877385772123,2.4716970293512857,7.6476105847489,0.18674173170677372,0.6363636363057851,7.0,0.9094454414590695,0.5014126788244437,0.36909565035857084,0.9999942417305527,0.13,0.045,0.8188908829181387,0.033332717123008074,0.9436426116838488,0.9248395967002749,0.9492753623188406,0.93,-0.005632750634991801,-0.005969156711746503,-0.005160403299725114,0,0,0,0,0
225,compound,200,0.236873402953803,0.2836250728394908,0.0,0.15664269313870244,4.0,0.30433980816190664,0.2851012145748988,0.3980017351069983,1.7744045158658468,7.053492314971983,0.18314399205310314,0.7272727272066115,8.0,0.837080601464827,0.5012862415362416,0.5744173826872612,0.9999952263554966,0.315,0.105,0.6741612029296542,0.06247092510206622,0.9436426116838488,0.9248395967002749,0.922509225092251,0.895,0.021133386591597803,0.02239554075614661,0.029839596700274917,0,0,0,0,0
226,noise,200,0.0,0.14124258883589721,0.0,0.0,4.0,0.8305088933969234,0.2508791208791209,0.41996240601503754,1.5894295806293557,7.2888150284668995,0.18148650202955194,0.6363636363057851,7.0,0.8522001765203641,0.5017251718869364,0.5159530388630215,0.9999914124329485,0.265,0.12,0.7044003530407281,0.05337706167339174,0.9436426116838488,0.9248395967002749,0.9555555555555556,0.94,-0.011912943871706827,-0.01262442339036045,-0.015160403299725012,0,0,0,0,0
227,missing,200,0.3012472367007476,0.0,0.0,0.0,1.0,0.5481291449488785,0.35254337767495664,0.4386581839213418,2.139897608349325,8.616577928177653,0.20173003662438463,0.6363636363057851,7.0,0.75898125789119,0.5016669380814117,0.6739718110296695,0.9999919824020278,0.595,0.33,0.5179625157823798,0.07586113957026171,0.9436426116838488,0.9248395967002749,0.7282608695652174,0.75,0.21538174211863137,0.2282450360163963,0.17483959670027494,1,1,1,0,1
228,missing,200,0.14343327921369237,0.0,0.0,0.0,3.0,0.7848500811794614,0.30273134759976866,0.3515326778484673,1.9368800398324675,8.412680871327636,0.1651084630257538,0.6363636363057851,7.0,0.7649736409818451,0.5009783223386939,0.6751423471072365,0.9999972383492686,0.595,0.3,0.5299472819636901,0.0784781261546102,0.9436426116838488,0.9248395967002749,0.8617886178861789,0.83,0.08185399379766989,0.08674257891434758,0.09483959670027498,0,0,0,0,0
229,noise,200,0.0,0.2203431084026531,0.0,0.0,4.0,0.7355882699168164,0.17722744360902257,0.255,1.6183785555147474,7.626467244218581,0.18509790255027256,0.6363636363057851,7.0,0.7994399698117115,0.5093916626001125,0.6142196459097533,0.9997454840295061,0.505,0.215,0.5988799396234231,0.07178328883100858,0.9436426116838488,0.9248395967002749,0.8461538461538461,0.82,0.09748876553000263,0.10331110975661775,0.10483959670027498,1,0,0,0,0
230,clean,200,0.0,0.0,0.0,0.0,0.0,1.0,0.31593695777906305,0.42199826489300174,1.8526002591921902,7.1988668354916285,0.18085052135840832,0.6363636363057851,7.0,0.8066150651942813,0.5159876207274157,0.5796157870835592,0.9992623569795133,0.475,0.225,0.6132301303885626,0.062020067695637913,0.9436426116838488,0.9248395967002749,0.7515923566878981,0.805,0.19205025499595063,0.20352011705971335,0.11983959670027489,1,1,1,0,1
231,missing,200,0.2908560345794034,0.0,0.0,0.0,1.0,0.5637159481308949,0.3316591960670908,0.47865818392134185,2.1395859355988502,8.516677234867396,0.20067339860800443,0.6363636363057851,7.0,0.795247853948882,0.5035076829759623,0.5867913129954997,0.9999644983312926,0.495,0.265,0.5904957078977638,0.06987355257464584,0.9436426116838488,0.9248395967002749,0.48695652173913045,0.705,0.4566860899447183,0.4839608595523686,0.21983959670027498,1,1,1,1,1
232,clean,200,0.0,0.0,0.0,0.0,0.0,1.0,0.28111842105263163,0.4186581839213419,1.7988338398288242,7.53727470540464,0.18544638695245333,0.5454545454049586,6.0,0.7895540673936787,0.5012709914671154,0.60527406388592,0.9999953388801267,0.505,0.275,0.5791081347873576,0.06433990312061161,0.9436426116838488,0.9248395967002749,0.5818181818181818,0.655,0.361824429865667,0.38343375447680217,0.2698395967002749,1,1,1,1,1
233,clean,200,0.0,0.0,0.0,0.0,0.0,1.0,0.29973467322151537,0.5056564488143436,2.0926166654041483,8.516677234867396,0.20040638442940797,0.5454545454049586,6.0,0.7955023144889409,0.5070862365487172,0.5973713806751941,0.9998551060121665,0.485,0.26,0.5910046289778819,0.0630225930096725,0.9436426116838488,0.9248395967002749,0.5,0.61,0.4436426116838488,0.47013838260447827,0.31483959670027495,1,1,1,1,1
234,missing,200,0.3259566849238281,0.0,0.0,0.0,2.0,0.5110649726142578,0.2556962116830538,0.30277327935222664,1.8632046357026655,8.412680871327636,0.19711638085780944,0.6363636363057851,7.0,0.7729247532126595,0.5066998402861456,0.6522532490638878,0.9998704771382031,0.555,0.285,0.5458495064253188,0.0770509744239153,0.9436426116838488,0.9248395967002749,0.8648648648648649,0.85,0.07877774681898386,0.0834826085215982,0.07483959670027496,0,0,0,0,0
235,missing,200,0.1942510934267221,0.0,0.0,0.0,3.0,0.7086233598599169,0.3118493348756507,0.4680017351069983,2.1731554925377234,8.378770739320286,0.19429074145921102,0.6363636363057851,7.0,0.9038812628002576,0.5218751527347972,0.37729005438394814,0.9986188356720574,0.145,0.065,0.8077625256005152,0.0314264705043572,0.9436426116838488,0.9248395967002749,0.9530685920577617,0.935,-0.009425980373912957,-0.009988930392942068,-0.010160403299725118,0,0,0,0,0
236,noise,200,0.0,0.29721524293052987,0.0,0.0,4.0,0.6433417084833641,0.25131868131868135,0.3142712550607287,1.6870796592538064,7.313170195102076,0.18146055561329977,0.7272727272066115,8.0,0.8231046607289849,0.501351655843919,0.5848735197560044,0.9999947284623041,0.355,0.155,0.6462093214579702,0.0657947452982396,0.9436426116838488,0.9248395967002749,0.9236363636363636,0.895,0.020006248047485187,0.021201085854510828,0.029839596700274917,0,0,0,0,0
237,clean,200,0.0,0.0,0.0,0.0,0.0,1.0,0.36201923076923076,0.5856564488143435,2.2393798069824347,8.616577928177653,0.2017217405493502,0.6363636363057851,7.0,0.8315525877663345,0.5196721737262673,0.5093398425478526,0.9988830818765003,0.385,0.205,0.6631051755326688,0.04819708782371993,0.9436426116838488,0.9248395967002749,0.49612403100775193,0.675,0.44751858067609684,0.47424583699467826,0.2498395967002749,1,1,1,1,1
238,outlier,200,0.0,0.0,0.0717496575711202,0.0,3.0,0.8565006848577597,0.3233176691729323,0.4073163678426836,1.870048772967069,8.616577928177653,0.20173003662438463,0.6363636363057851,7.0,0.7827708889874865,0.501130397767531,0.6249858254663162,0.9999963130479724,0.51,0.29,0.5655417779749728,0.06608418917653243,0.9436426116838488,0.9248395967002749,0.6742857142857143,0.715,0.2693568973981345,0.2854437620531428,0.20983959670027497,1,1,1,1,1
239,missing,200,0.32445377032043,0.0,0.0,0.0,1.0,0.513319344519355,0.34483082706766915,0.47250144592249854,2.0663635460749705,7.128916103879165,0.1775558466329284,0.6363636363057851,7.0,0.9024764677083545,0.528209460068108,0.38125793510190337,0.9977026629594384,0.15,0.075,0.8049529354167091,0.0316620858942028,0.9436426116838488,0.9248395967002749,0.9347826086956522,0.91,0.008860002988196558,0.009389151008131666,0.014839596700274904,0,0,0,0,0
240,compound,200,0.05261889131766673,0.22597822184367633,0.0,0.11026611436785774,4.0,0.6498977968110884,0.22987637362637364,0.3428253325621747,1.7219726893530334,7.541280643157059,0.1936252527008894,0.7272727272066115,8.0,0.7860226592993982,0.5000446859519649,0.6452959678826683,0.9999999942383541,0.495,0.255,0.572045318598796,0.08012053330326768,0.9436426116838488,0.9248395967002749,0.8870967741935484,0.86,0.0565458374903004,0.059922937699343926,0.06483959670027495,0,0,0,0,0
241,noise,200,0.0,0.28620298648931775,0.0,0.0,4.0,0.6565564162128188,0.2559355118565645,0.30569982648930016,1.7146948677867015,7.419370259346332,0.1841813594770742,0.6363636363057851,7.0,0.7711993739643137,0.5002190753862581,0.6487010236614794,0.9999998615185124,0.535,0.335,0.5423987479286272,0.08208384323864637,0.9436426116838488,0.9248395967002749,0.5605095541401274,0.655,0.3831330575437214,0.40601500228358545,0.2698395967002749,1,1,1,1,1
242,compound,200,0.06706993361572877,0.2993123354061084,0.0,0.16537315175631123,4.0,0.5402202970890768,0.30185439560439564,0.41233082706766916,1.9094191406879035,8.516677234867396,0.21210882712459433,0.7272727272066115,8.0,0.7763181462989991,0.5001701419652618,0.6511684605106832,0.9999999164728944,0.545,0.275,0.5526362925979978,0.08346578804369535,0.9436426116838488,0.9248395967002749,0.43243243243243246,0.685,0.5112101792514163,0.5417413037309375,0.23983959670027488,1,1,1,1,1
243,imbalance,142,0.0,0.0,0.0,0.0,0.0,1.0,0.29188409811093274,0.45074821398023773,2.1838310333632607,8.378770739320286,0.20082919531519988,0.8181818181074381,9.0,0.8952424698698355,0.536454188920622,0.3866713064493939,0.9961621780527843,0.176056338028169,0.056338028169014086,0.7904849397396708,0.03319468995036816,0.9436426116838488,0.9248395967002749,0.8957055214723927,0.8802816901408451,0.04793709021145609,0.05080004820375422,0.044557906559429816,0,0,0,0,0
244,compound,200,0.09198111861911716,0.277571943676957,0.0,0.11487373888194122,4.0,0.5289419896589759,0.2605545112781955,0.318502024291498,1.7987070432655345,8.439581875190983,0.2010755777910999,0.7272727272066115,8.0,0.8032663454188702,0.5002795078066954,0.6281281372272042,0.9999997745800019,0.46,0.175,0.6065326908377402,0.07726308146686214,0.9436426116838488,0.9248395967002749,0.9098039215686274,0.885,0.03383869011522134,0.03585964607827477,0.039839596700274926,0,0,0,0,0
245,missing,200,0.19162008353299975,0.0,0.0,0.0,3.0,0.7125698747005004,0.3741591960670908,0.42782244071717757,2.057028525584051,8.412680871327636,0.20027300930661893,0.7272727272066115,8.0,0.7837846928522144,0.50528199130195,0.6395456659376346,0.9999194977579412,0.505,0.265,0.5675693857044287,0.07276747198063123,0.9436426116838488,0.9248395967002749,0.8080808080808081,0.81,0.1355618036030407,0.14365799274100646,0.11483959670027488,1,0,0,0,0
246,compound,200,0.10880893584419432,0.2370930239537622,0.0,0.16970011412461358,4.0,0.5522749674891939,0.24250289184499713,0.4038519375361481,1.6846586473353369,7.084064780990564,0.18042643734441471,0.7272727272066115,8.0,0.7781066919281844,0.5020113768861891,0.6647583979564078,0.9999883267277044,0.49,0.24,0.5562133838563686,0.08205902823599576,0.9436426116838488,0.9248395967002749,0.8984375,0.87,0.045205111683848775,0.047904907086888805,0.05483959670027494,0,0,0,0,0
247,clean,200,0.0,0.0,0.0,0.0,0.0,1.0,0.2761834875650665,0.3927935222672065,2.0338152448730042,7.620205170994492,0.18707595026925763,0.7272727272066115,8.0,0.8481928435488498,0.509329397937905,0.5059377106942058,0.9997488478078,0.29,0.15,0.6963856870976997,0.04954724324420857,0.9436426116838488,0.9248395967002749,0.9253731343283582,0.9,0.01826947735549056,0.019360589602380997,0.024839596700274913,0,0,0,0,0
248,noise,200,0.0,0.2870669225840406,0.0,0.0,4.0,0.6555196928991514,0.2909767206477733,0.3545806824754193,1.8535022069307723,8.378770739320286,0.19434623804858275,0.6363636363057851,7.0,0.8121336827688542,0.5056801554444585,0.6003150195565936,0.999906903293274,0.435,0.17,0.6242673655377083,0.06664789177103735,0.9436426116838488,0.9248395967002749,0.9029850746268657,0.87,0.04065753705698305,0.04308573660249133,0.05483959670027494,0,0,0,0,0
249,clean,200,0.0,0.0,0.0,0.0,0.0,1.0,0.3531448814343551,0.5667871602082128,2.214506014110554,8.378770739320286,0.19385358646253675,0.6363636363057851,7.0,0.906049696414874,0.5145453936663865,0.35539677947537074,0.9993894562835592,0.145,0.07,0.812099392829748,0.02971361829344964,0.9436426116838488,0.9248395967002749,0.9645390070921985,0.95,-0.020896395408349755,-0.02214439569332032,-0.02516040329972502,0,0,0,0,0
250,compound,200,0.23922309242672657,0.16212804958154564,0.0,0.12602659443440414,4.0,0.44661170186205534,0.3733133314054367,0.5009311740890688,2.135063231369607,8.437126764818302,0.20126899875526374,0.7272727272066115,8.0,0.8670458749784129,0.5043291127774873,0.4975031167378422,0.9999459236014275,0.195,0.075,0.7340917499568255,0.04911107109085213,0.9436426116838488,0.9248395967002749,0.9411764705882353,0.915,0.0024661410956134944,0.0026134270140678066,0.0098395967002749,0,0,0,0,0
251,drift,200,0.0,0.0,0.0,0.4688621524804513,2.0,1.0,0.5640297860034702,0.9682793522267207,2.740942902193255,7.886896162341588,0.18580834560645013,0.6363636363057851,7.0,0.8271614577723042,0.5152677494104426,0.5840369740852566,0.999327298971552,0.395,0.12,0.6543229155446086,0.05951819077813955,0.9436426116838488,0.9248395967002749,0.9562043795620438,0.94,-0.012561767878195074,-0.013311997263951112,-0.015160403299725012,0,0,0,0,0
252,compound,200,0.19319444576947953,0.2249632672202333,0.0,0.0846063187255922,4.0,0.4402524106815008,0.2025216888374783,0.2675014459224986,1.5245428933502827,8.412680871327636,0.16885957782993266,0.7272727272066115,8.0,0.7537195606705644,0.5005857467393399,0.7033948503001394,0.9999990100246218,0.61,0.32,0.5074391213411289,0.08906091131060156,0.9436426116838488,0.9248395967002749,0.8016877637130801,0.765,0.14195484797076863,0.15043285038498802,0.15983959670027492,1,1,0,0,1
253,drift,200,0.0,0.0,0.0,0.0805816662988516,2.0,1.0,0.25173944476576054,0.41750144592249855,1.8477560636162875,8.439581875190983,0.1997871156846393,0.7272727272066115,8.0,0.8677724119767514,0.5009257131757132,0.43897011382669776,0.9999975273783194,0.265,0.115,0.7355448239535027,0.046195567273422646,0.9436426116838488,0.9248395967002749,0.9375,0.92,0.006142611683848775,0.006509468310654546,0.004839596700274895,0,0,0,0,0
254,clean,200,0.0,0.0,0.0,0.0,0.0,1.0,0.32679438982070563,0.5117871602082129,2.0878358107045423,8.378770739320286,0.1931776933559027,0.6363636363057851,7.0,0.9106328547275404,0.5363118986733726,0.341980150495933,0.9961921060032749,0.13,0.07,0.8212657094550813,0.027915214653338002,0.9436426116838488,0.9248395967002749,0.9611307420494699,0.945,-0.017488130365621135,-0.01853257804443835,-0.020160403299725016,0,0,0,0,0
255,drift,200,0.0,0.0,0.0,0.20188356208593095,2.0,1.0,0.30775375939849625,0.46678716020821287,2.0636146705052907,8.378770739320286,0.19383809393062537,0.6363636363057851,7.0,0.8859380052379202,0.5000546266327609,0.4150329333741168,0.9999999913897968,0.205,0.07,0.7718760104758406,0.03551072547524518,0.9436426116838488,0.9248395967002749,0.9393939393939394,0.92,0.004248672289909328,0.004502416733624949,0.004839596700274895,0,0,0,0,0
256,drift,200,0.0,0.0,0.0,0.3254110898331518,2.0,1.0,0.37042076344707925,0.6965587044534413,2.2854182456711842,8.378770739320286,0.19843867924500017,0.7272727272066115,8.0,0.8635190807658057,0.5190298453654278,0.4772422086498668,0.9989548468107977,0.275,0.12,0.7270381615316113,0.04464650121123171,0.9436426116838488,0.9248395967002749,0.9473684210526315,0.93,-0.003725809368782751,-0.00394832674860458,-0.005160403299725114,0,0,0,0,0
257,drift,200,0.0,0.0,0.0,0.4200388063756168,2.0,1.0,0.3105198091382302,0.4830017351069983,1.8796223471958096,7.241515846411183,0.1812959772946707,0.6363636363057851,7.0,0.7576645660291395,0.5047542233397642,0.6877858752594542,0.9999347815852194,0.6,0.355,0.515329132058279,0.08528176058301375,0.9436426116838488,0.9248395967002749,0.8620689655172413,0.88,0.08157364616660745,0.08644548801648629,0.04483959670027493,0,0,0,0,0
258,missing,200,0.09232455463331407,0.0,0.0,0.0,2.0,0.8615131680500289,0.30106130711393864,0.48065644881434355,2.053282964812335,8.516677234867396,0.19714383441658673,0.5454545454049586,6.0,0.8270705963798072,0.5008586013725911,0.5224147428447709,0.9999978729000132,0.385,0.225,0.6541411927596144,0.059087907335543484,0.9436426116838488,0.9248395967002749,0.5,0.71,0.4436426116838488,0.47013838260447827,0.21483959670027497,1,1,1,1,1
259,clean,200,0.0,0.0,0.0,0.0,0.0,1.0,0.355159051474841,0.6210728744939271,2.26197078720897,8.616577928177653,0.20156449567060578,0.5454545454049586,6.0,0.8474863013271748,0.5256092816732857,0.4846340091583477,0.99810683106222,0.34,0.12,0.6949726026543496,0.04479264739065792,0.9436426116838488,0.9248395967002749,0.3937007874015748,0.615,0.549941824282274,0.5827861278097268,0.30983959670027494,1,1,1,1,1
260,imbalance,129,0.0,0.0,0.0,0.0,0.0,1.0,0.429313668787353,0.6595612465869505,2.4098968648242725,8.616577928177653,0.21002057070335528,0.9090909090082645,10.0,0.8963725410511936,0.5316374191919981,0.3572975012524277,0.997110006949604,0.20930232558139536,0.09302325581395349,0.7927450821023871,0.031151222834547847,0.9436426116838488,0.9248395967002749,0.46511627906976744,0.8217054263565892,0.47852633261408134,0.5071054721162782,0.10313417034368577,1,1,1,1,1
261,compound,200,0.19718092263920045,0.26658818100271436,0.0,0.10087207124266044,4.0,0.38432279883794207,0.23177197802197802,0.2836581839213419,1.8815445970531302,8.616577928177653,0.20887369540945663,0.7272727272066115,8.0,0.7426777503398999,0.5026259469359272,0.7087277498933037,0.9999801034204465,0.615,0.375,0.48535550067979977,0.08950126430604936,0.9436426116838488,0.9248395967002749,0.5125,0.61,0.4311426116838488,0.45689184219608336,0.31483959670027495,1,1,1,1,1
262,clean,200,0.0,0.0,0.0,0.0,0.0,1.0,0.3219071717755928,0.42199826489300174,1.85707593883393,7.251953034671338,0.18133924207741575,0.6363636363057851,7.0,0.7996299856798662,0.5159876207274158,0.5926007647453853,0.999262356979513,0.48,0.26,0.5992599713597323,0.06337962776718778,0.9436426116838488,0.9248395967002749,0.7654320987654321,0.81,0.17821051291841672,0.18885382084596797,0.11483959670027488,1,1,0,0,1
263,outlier,200,0.0,0.0,0.2039123206372547,0.0,1.0,0.5921753587254905,0.3012702429149798,0.46565644881434354,1.8597052620623684,8.516677234867396,0.1994873494351197,0.6363636363057851,7.0,0.8002224659525332,0.5099642825650339,0.5762198943592707,0.9997134995198881,0.45,0.285,0.6004449319050668,0.06581833309783938,0.9436426116838488,0.9248395967002749,0.4413793103448276,0.595,0.5022633013390212,0.5322600893472961,0.32983959670027496,1,1,1,1,1
264,drift,200,0.0,0.0,0.0,0.3133390117316547,2.0,1.0,0.4153882301908618,0.6294129554655871,2.2174644626031235,7.539057543491948,0.18522762986195265,0.6363636363057851,7.0,0.7808692294244995,0.5024010001226948,0.6473126200490235,0.999983366234744,0.52,0.27,0.5617384588489994,0.07654176866246787,0.9436426116838488,0.9248395967002749,0.6666666666666666,0.74,0.27697594501718215,0.2935178438258788,0.18483959670027494,1,1,1,1,1
265,compound,200,0.17482978156982681,0.1700705634820729,0.0,0.17384802074483663,4.0,0.5336706514667723,0.29018218623481784,0.41782244071717756,1.802726422267888,8.412680871327636,0.2031403442316496,0.7272727272066115,8.0,0.744057779581836,0.5058183864409911,0.7261810081367612,0.999902316893691,0.6,0.37,0.488115559163672,0.0951984534319493,0.9436426116838488,0.9248395967002749,0.8584070796460177,0.84,0.08523553203783107,0.09032607354961382,0.08483959670027497,0,0,0,0,0
266,outlier,200,0.0,0.0,0.17744904294875696,0.0,1.0,0.6451019141024861,0.25661654135338346,0.36750144592249856,1.5390853568688598,7.152601937275154,0.1779411650908859,0.6363636363057851,7.0,0.86994655722233,0.5029615560676117,0.45000617833712625,0.9999746926313109,0.255,0.1,0.7398931144446602,0.04681977137041004,0.9436426116838488,0.9248395967002749,0.9381818181818182,0.915,0.005460793502030548,0.005786929742923864,0.0098395967002749,0,0,0,0,0
267,noise,200,0.0,0.4445859055294418,0.0,0.0,4.0,0.4664969133646698,0.2906615095430885,0.3404019664545981,2.0194294811104836,8.439581875190983,0.19600301800551487,0.6363636363057851,7.0,0.7800023707404542,0.5009555554868248,0.6583925045820967,0.999997365388276,0.505,0.255,0.5600047414809083,0.08207971641050808,0.9436426116838488,0.9248395967002749,0.774869109947644,0.785,0.16877350173620476,0.17885320084919631,0.1398395967002749,1,1,0,0,1
268,outlier,200,0.0,0.0,0.1272601060870623,0.0,1.0,0.7454797878258754,0.1603520821283979,0.22526604973973394,1.5037683788083456,7.099995437999308,0.1778447455830648,0.6363636363057851,7.0,0.8462114462186229,0.5019447770413625,0.513413276005251,0.9999890869720507,0.32,0.14,0.6924228924372458,0.05067822237920961,0.9436426116838488,0.9248395967002749,0.9296875,0.91,0.013955111683848775,0.014788556065901398,0.014839596700274904,0,0,0,0,0
269,noise,200,0.0,0.33857296566953465,0.0,0.0,4.0,0.5937124411965584,0.2250310873337189,0.295,1.8644961476881357,8.439581875190983,0.1969045594857633,0.6363636363057851,7.0,0.7755078063597795,0.5005247277270183,0.6550133641368745,0.9999992055388935,0.525,0.26,0.5510156127195589,0.08126437416386775,0.9436426116838488,0.9248395967002749,0.8130841121495327,0.8,0.13055849953431609,0.13835587517925865,0.12483959670027489,1,0,0,0,0
270,missing,200,0.12736630562996068,0.0,0.0,0.0,2.0,0.808950541555059,0.3036798727588202,0.4236581839213419,1.8287694860304038,7.2676449327276185,0.18182584794031656,0.6363636363057851,7.0,0.7879551795966069,0.5037027202632279,0.617805975637348,0.9999604405440954,0.525,0.27,0.5759103591932137,0.06791929172025829,0.9436426116838488,0.9248395967002749,0.7469879518072289,0.79,0.1966546598766199,0.20839951188438505,0.1348395967002749,1,1,1,0,1
271,imbalance,156,0.0,0.0,0.0,0.0,0.0,1.0,0.3069380181222286,0.3676113360323886,1.9254421189124995,7.3132171515458975,0.187098357586646,0.8181818181074381,9.0,0.7806298208054926,0.5162490976723977,0.6433460089657124,0.9992380271379678,0.5576923076923077,0.22435897435897437,0.5612596416109853,0.06582512984111791,0.9436426116838488,0.9248395967002749,0.7375,0.7307692307692307,0.20614261168384873,0.2184541148449739,0.1940703659310442,1,1,1,0,1
272,noise,200,0.0,0.12894219811637225,0.0,0.0,4.0,0.8452693622603533,0.22485902255639095,0.2676113360323886,1.5154168830873267,7.112727644812706,0.17753063775723513,0.6363636363057851,7.0,0.7881647788978791,0.5022086018117139,0.629243367943661,0.9999859252465785,0.515,0.26,0.5763295577957582,0.07254516715740592,0.9436426116838488,0.9248395967002749,0.8680851063829788,0.845,0.07555750530087002,0.0800700437700393,0.07983959670027496,0,0,0,0,0
273,compound,200,0.0843358571696607,0.13990761183426115,0.0,0.08312641501306935,4.0,0.7056070800443955,0.21234456333140544,0.3278224407171775,1.5725256301063235,7.07795789586209,0.18631639807430328,0.7272727272066115,8.0,0.7791653115741388,0.5040887453212717,0.652874727057982,0.999951761977542,0.53,0.255,0.5583306231482775,0.078012673372789,0.9436426116838488,0.9248395967002749,0.8951612903225806,0.87,0.04848132136126815,0.051376782597153635,0.05483959670027494,0,0,0,0,0
274,clean,200,0.0,0.0,0.0,0.0,0.0,1.0,0.32125939849624063,0.5243088490456911,2.0038244319611205,8.437126764818302,0.18710721479443268,0.6363636363057851,7.0,0.9144355767280397,0.5132776645762678,0.32778604411952,0.9994912563805591,0.13,0.07,0.8288711534560792,0.026853128148833273,0.9436426116838488,0.9248395967002749,0.9708029197080292,0.96,-0.027160308024180457,-0.02878240941974083,-0.03516040329972503,0,0,0,0,0
275,drift,200,0.0,0.0,0.0,0.2451795139305888,2.0,1.0,0.3088945922498554,0.49367842683632157,2.084403871206796,7.089013540684734,0.1763185756722469,0.6363636363057851,7.0,0.8317416375385743,0.5053260097394028,0.5680847228361285,0.9999181503813377,0.35,0.125,0.6634832750771485,0.06264092211313836,0.9436426116838488,0.9248395967002749,0.9485294117647058,0.93,-0.004886800080857068,-0.005178655579105674,-0.005160403299725114,0,0,0,0,0
276,missing,200,0.08197361903860231,0.0,0.0,0.0,2.0,0.8770395714420965,0.17966454598033543,0.2190370156159629,1.71854779855008,8.412680871327636,0.19713223614283187,0.5454545454049586,6.0,0.7899914572131977,0.5037251863402258,0.6146807159478616,0.9999599590331102,0.48,0.285,0.5799829144263954,0.06978688395400774,0.9436426116838488,0.9248395967002749,0.8660714285714286,0.85,0.07757118311242017,0.0822039849300543,0.07483959670027496,0,0,0,0,0
277,noise,200,0.0,0.1775630069748081,0.0,0.0,4.0,0.7869243916302303,0.31061957779063043,0.4544997108155003,1.5978574155562166,8.437126764818302,0.16386163190530717,0.6363636363057851,7.0,0.8648596318137299,0.5024539006744888,0.4851816569428613,0.9999826251830414,0.21,0.11,0.7297192636274601,0.04798558164156778,0.9436426116838488,0.9248395967002749,0.958041958041958,0.94,-0.014399346358109244,-0.015259321870973517,-0.015160403299725012,0,0,0,0,0
278,compound,200,0.19643691569181249,0.1351607453235515,0.0,0.18762667077076606,4.0,0.5431517320740195,0.269344997108155,0.40040485829959516,1.7398356324001822,7.271399806468301,0.19021834823872236,0.7272727272066115,8.0,0.7330288108811929,0.5008778623337447,0.7077141174259133,0.9999977763952749,0.65,0.42,0.4660576217623858,0.09407718101383553,0.9436426116838488,0.9248395967002749,0.6982248520710059,0.745,0.24541775961284285,0.26007490157194274,0.17983959670027494,1,1,1,1,1
279,noise,200,0.0,0.41833241999223514,0.0,0.0,4.0,0.49800109600931786,0.2891432909196067,0.325,1.9469840042737756,8.378770739320286,0.19671115945914242,0.7272727272066115,8.0,0.7826038082294227,0.5064409955780799,0.6688121646680433,0.9998802921725943,0.515,0.215,0.5652076164588453,0.07934069749809558,0.9436426116838488,0.9248395967002749,0.8682170542635659,0.83,0.0754255574202829,0.07993021553547935,0.09483959670027498,0,0,0,0,0
